module,area,note_index,tag,strref,name,rule,confidence,old_world_x,old_world_y,new_world_x,new_world_y,old_px,old_py,new_px,new_py,move_px,drawn_before,drawn_after,roundtrip_ok,room,review,review_reason,reason
danm13,m13aa,32,SW_WAYPOINT001,33403,To Outer Courtyard,transition,high,82.465073,125.256119,80.120783,125.883134,261,72,262,69,3.2,True,True,True,M13aa_12a,False,,"names door dan13_door03 -> danm14aa (Dantooine - Courtyard), name match 1.00; centred on its drawn transition line (6 px long) and set 4 px clear of it"
danm13,m13aa,33,SW_WAYPOINT001,33404,Ebon Hawk,transition,high,192.317352,81.622559,188.664285,82.373495,212,196,213,192,4.1,True,True,True,M13aa_01a,False,,"names trigger dan13_tom12aa -> ebo_m12aa (Ebon Hawk), name match 1.00; centred on its drawn transition line (6 px long) and set 4 px clear of it"
danm13,m13aa,34,SW_WAYPOINT001,42974,Aratech Mercantile,object,medium,170.377197,115.175217,168.945007,104.669998,250,171,238,170,12.0,True,True,True,M13aa_06a,False,,"names the door 'Aratech Mercantile' (Door List), 12 px away, name match 1.00"
danm13,m13aa,35,SW_WAYPOINT001,33407,Jedi Council Chamber,room_centre,medium,100.891403,36.446617,98.660114,39.022811,161,93,164,90,4.2,True,True,True,M13aa_04a,False,,"sole note in room M13aa_04a (57 px across), only note in it"
danm14aa,m14aa,15,dan14_mapnote,33411,Strange Ruins,transition,high,339.044250,82.437828,334.832046,87.633764,380,166,375,161,7.1,True,True,True,m14aa_01a,False,,"names door man14aa_door04 -> danm15 (Dantooine - Ruins), name match 1.00; centred on its drawn diagonal transition line (5 px long) and set 4 px clear of it"
danm14aa,m14aa,26,SW_WAYPOINT001,33412,To Jedi Enclave,transition,high,109.168137,90.536911,106.121622,93.641556,127,158,124,155,4.2,True,True,True,m14aa_01c,False,,"names door man14aa_door03 -> danm13 (Dantooine - Jedi Enclave), name match 1.00; centred on its drawn diagonal transition line (10 px long) and set 4 px clear of it"
danm14aa,m14aa,27,SW_WAYPOINT001,33413,Path South,below_threshold,n/a,170.375595,71.723961,,,195,177,,,1.4,True,True,,m14aa_01i,,,"the only exit nearby is trigger to14bw -> danm14ab (Dantooine - Matale Grounds), 4 px away; matched on position, not name; centred on its drawn transition line (8 px long) and set 4 px clear of it"
danm14aa,m14aa,28,SW_WAYPOINT001,33413,Path South,transition,medium,288.929291,59.287327,287.449807,56.593505,325,189,323,192,3.6,True,True,True,m14aa_01a,False,,"the only exit nearby is trigger to14be -> danm14ab (Dantooine - Matale Grounds), 5 px away; matched on position, not name; centred on its drawn transition line (2 px long) and set 4 px clear of it"
danm14ab,m14ab,19,SW_WAYPOINT001,33424,Matale Estate,none,n/a,327.263672,98.505157,,,208,139,,,0.0,True,True,,m14ab_02a,,,"already on a doorway (5 px); it marks that way through, and no room could be derived from the door, so leave it there"
danm14ab,m14ab,20,SW_WAYPOINT001,33425,Path North,transition,medium,146.589050,167.897491,141.817005,176.640544,45,81,41,74,8.1,True,True,True,m14ab_02c,False,,"the only exit nearby is trigger to14aw -> danm14aa (Dantooine - Courtyard), 4 px away; matched on position, not name; centred on its drawn diagonal transition line (6 px long) and set 4 px clear of it"
danm14ab,m14ab,21,SW_WAYPOINT001,33413,Path South,transition,medium,146.402481,99.284492,132.955004,97.618921,45,139,33,140,12.0,True,True,True,m14ab_02c,False,,"the only exit nearby is trigger to14cw -> danm14ac (Dantooine - Grove), 6 px away; matched on position, not name; centred on its drawn diagonal transition line (6 px long) and set 4 px clear of it; pulled 5 px onto walkable floor of m14ab_02c"
danm14ab,m14ab,22,SW_WAYPOINT001,33425,Path North,transition,medium,503.272247,131.312317,503.981430,135.678116,367,112,368,108,4.1,True,True,True,m14ab_09a,False,,"the only exit nearby is trigger to14ae -> danm14aa (Dantooine - Courtyard), 4 px away; matched on position, not name"
danm14ab,m14ab,23,SW_WAYPOINT001,33413,Path South,transition,medium,514.351990,50.521210,511.805522,40.148649,377,179,375,188,9.2,True,True,True,m14ab_09b,False,,"the only exit nearby is trigger to14ce -> danm14ac (Dantooine - Grove), 5 px away; matched on position, not name; centred on its drawn transition line (5 px long) and set 4 px clear of it"
danm14ac,m14ac,27,SW_WAYPOINT001,33425,Path North,transition,medium,285.484314,430.294037,279.075080,437.470170,79,45,66,31,19.1,True,True,True,m14ac_10a,False,,"the only exit nearby is trigger to14bw -> danm14ab (Dantooine - Matale Grounds), 7 px away; matched on position, not name; centred on its drawn transition line (17 px long) and set 4 px clear of it"
danm14ac,m14ac,28,SW_WAYPOINT001,33425,Path North,transition,medium,407.099609,436.566742,405.834715,440.040345,329,33,326,26,7.6,True,True,True,m14ac_10c,True,the walkable-floor gate moved it 13 px,"the only exit nearby is trigger to14be -> danm14ab (Dantooine - Matale Grounds), 8 px away; matched on position, not name; centred on its drawn transition line (3 px long) and set 4 px clear of it; pulled 13 px onto walkable floor of m14ac_10c"
danm14ac,m14ac,29,SW_WAYPOINT001,33413,Path South,transition,medium,372.878876,350.675140,370.732047,341.859633,258,200,254,217,17.5,True,True,True,m14ac_10d,False,,"the only exit nearby is trigger to14de -> danm14ad (Dantooine - Sandral Grounds), 6 px away; matched on position, not name; centred on its drawn diagonal transition line (8 px long) and set 4 px clear of it; pulled 2 px onto walkable floor of m14ac_10d"
danm14ac,m14ac,30,SW_WAYPOINT001,33413,Path South,transition,medium,280.985107,386.403809,280.050154,379.384199,70,130,68,144,14.1,True,True,True,m14ac_10b,False,,"the only exit nearby is trigger to14dw -> danm14ad (Dantooine - Sandral Grounds), 8 px away; matched on position, not name; centred on its drawn diagonal transition line (6 px long) and set 4 px clear of it; pulled 3 px onto walkable floor of m14ac_10b"
danm14ac,m14ac,31,MN_grove,33453,Ancient Grove,none,n/a,437.278503,380.109253,,,390,143,,,0.0,True,True,,m14ac_10e,,,"on floor of m14ac_10e, too large to centre in (250 px across)"
danm14ad,m14ad,22,mapnote,33459,Sandral Estate,transition,high,336.331268,145.387039,338.278169,141.424194,78,134,81,139,5.8,True,True,True,m14ad_05a,False,,"names door dan14ad_door01 -> danm16 (Dantooine - Sandral Estate), name match 1.00; centred on its drawn diagonal transition line (6 px long) and set 4 px clear of it"
danm14ad,m14ad,23,SW_WAYPOINT001,33460,Cave Entrance,transition,medium,562.570068,117.476196,560.678194,119.487097,414,171,411,168,4.2,True,True,True,m14ad_05e,False,,"names trigger to14ae -> danm14ae (Dantooine - Crystal Cave), name match 0.50; centred on its drawn diagonal transition line (4 px long) and set 4 px clear of it"
danm14ad,m14ad,24,SW_WAYPOINT001,33425,Path North,transition,medium,531.232605,152.875092,537.764252,163.361292,367,124,377,110,17.2,True,True,True,m14ad_05e,False,,"the only exit nearby is trigger to14ce -> danm14ac (Dantooine - Grove), 4 px away; matched on position, not name; centred on its drawn diagonal transition line (11 px long) and set 4 px clear of it"
danm14ad,m14ad,25,SW_WAYPOINT001,33425,Path North,transition,medium,357.586731,204.628983,358.354668,207.011742,110,55,111,52,3.2,True,True,True,m14ad_05a,False,,"the only exit nearby is trigger to14cw -> danm14ac (Dantooine - Grove), 3 px away; matched on position, not name"
danm14ae,m14ae,1,SW_WAYPOINT001,33461,Exit,transition,low,13.598537,151.774033,8.645374,150.959063,60,190,43,192,17.1,True,True,True,M14ae_01a,False,,"the only exit nearby is trigger to14ad -> danm14ad (Dantooine - Sandral Grounds), 17 px away; matched on position, not name"
danm14ae,m14ae,17,SW_WAYPOINT001,39324,Crystal Formation,none,n/a,112.471443,188.602737,,,383,73,,,0.0,True,True,,M14ae_02a,,,"on floor of M14ae_02a, too large to centre in (190 px across)"
danm15,m15aa,2,SW_WAYPOINT001,33461,Exit,below_threshold,n/a,147.482468,91.913780,,,203,56,,,1.4,True,True,,m15aa_01a,,,"the only exit nearby is door man15_door02 -> danm14aa (Dantooine - Courtyard), 6 px away; matched on position, not name; centred on its drawn transition line (15 px long) and set 4 px clear of it"
danm15,m15aa,3,SW_WAYPOINT001,33475,Star Map,none,n/a,147.537247,188.215637,,,203,216,,,0.0,True,True,,m15aa_01a,,,"on floor of m15aa_01a, but 2 notes share that room"
danm16,m16aa,21,SW_WAYPOINT001,33461,Exit,below_threshold,n/a,45.333054,30.608582,,,226,29,,,2.2,True,True,,M16aa_01a,,,"the only exit nearby is door dan16_door03 -> danm14ad (Dantooine - Sandral Grounds), 7 px away; matched on position, not name; centred on its drawn transition line (6 px long) and set 4 px clear of it"
danm16,m16aa,22,SW_WAYPOINT001,33461,Exit,transition,medium,19.614140,63.626541,18.147938,63.172370,325,151,331,149,6.3,True,True,True,M16aa_01e,False,,"the only exit nearby is door dan16_door04 -> danm14ad (Dantooine - Sandral Grounds), 6 px away; matched on position, not name; centred on its drawn transition line (7 px long) and set 4 px clear of it"
danm16,m16aa,33,SW_MAPNOTE001,43297,Holding Cell,none,n/a,37.918983,51.430214,,,255,106,,,0.0,True,True,,M16aa_01c,,,"already on a doorway (6 px); it marks that way through, and no room could be derived from the door, so leave it there"
ebo_m12aa,m12aa,46,Cargo,39412,Cargo Hold,room_centre,medium,27.372234,30.557634,32.146379,31.694086,144,172,160,168,16.5,True,True,True,M12aa_01k,False,,"sole note in room M12aa_01k (69 px across), only note in it"
ebo_m12aa,m12aa,47,Cockpit,39414,Cockpit,room_centre,high,52.778339,80.174881,52.694166,76.673773,228,17,227,28,11.0,True,True,True,M12aa_01p,False,,"off walkable floor, nearest is room M12aa_01p (31 px across), only note in it"
ebo_m12aa,m12aa,48,PortQuarters,39415,Crew Quarters,room_centre,medium,23.219757,54.239525,23.121559,51.070368,131,98,131,108,10.0,True,True,True,M12aa_01j,False,,"sole note in room M12aa_01j (40 px across), only note in it"
ebo_m12aa,m12aa,49,Swoop,39416,Swoop Hangar,room_centre,medium,69.985458,27.413872,64.168719,32.276325,284,182,265,166,24.8,True,True,True,M12aa_01e,False,,"sole note in room M12aa_01e (79 px across), only note in it"
ebo_m12aa,m12aa,50,Starboard,39415,Crew Quarters,room_centre,medium,80.764389,56.232147,79.167837,51.446260,319,92,314,107,15.8,True,True,True,M12aa_01i,False,,"sole note in room M12aa_01i (39 px across), only note in it"
ebo_m12aa,m12aa,51,Engine,39417,Engine Room,room_centre,high,49.464031,7.279156,49.582003,17.606845,217,244,217,212,32.0,True,True,True,M12aa_01l,True,moves 32 px from the vanilla position,"off walkable floor, nearest is room M12aa_01l (45 px across), only note in it"
ebo_m12aa,m12aa,52,sw_exit,39418,Exit Ramp,transition,medium,66.920219,50.405865,67.231790,48.805377,274,110,275,115,5.1,True,True,True,M12aa_01d,True,the walkable-floor gate moved it 14 px,"names trigger AreaTransition -> ? (Exit Ebon Hawk), name match 0.50; centred on its drawn transition line (14 px long) and set 4 px clear of it; pulled 14 px onto walkable floor of M12aa_01d"
ebo_m41aa,m12aa,15,cargo,39412,Cargo Hold,room_centre,medium,27.819416,31.098352,32.146379,31.694086,146,170,160,168,14.1,True,True,True,M12aa_01k,False,,"sole note in room M12aa_01k (69 px across), only note in it"
ebo_m41aa,m12aa,16,portquarters,39415,Crew Quarters,room_centre,medium,21.674591,53.288635,23.121559,51.070368,126,101,131,108,8.6,True,True,True,M12aa_01j,False,,"sole note in room M12aa_01j (40 px across), only note in it"
ebo_m41aa,m12aa,17,SwoopRacer,39416,Swoop Hangar,room_centre,medium,68.721008,26.414141,64.168719,32.276325,280,185,265,166,24.2,True,True,True,M12aa_01e,False,,"sole note in room M12aa_01e (79 px across), only note in it"
ebo_m41aa,m12aa,18,exit,33461,Exit,transition,medium,66.962128,45.197422,66.189211,48.002614,274,126,272,117,9.2,True,True,True,M12aa_01d,False,,"the only exit nearby is trigger newtransition001 -> ? (Unknown World - Central Beach), 9 px away; matched on position, not name"
ebo_m41aa,m12aa,19,SW_MAPNOTE001,39414,Cockpit,room_centre,medium,51.913193,78.661560,52.694166,76.673773,225,22,227,28,6.3,True,True,True,M12aa_01p,False,,"sole note in room M12aa_01p (31 px across), only note in it"
ebo_m41aa,m12aa,20,Starboard,39415,Crew Quarters,room_centre,medium,80.581749,51.163124,79.167837,51.446260,319,108,314,107,5.1,True,True,True,M12aa_01i,False,,"sole note in room M12aa_01i (39 px across), only note in it"
ebo_m41aa,m12aa,21,SW_MAPNOTE001,39417,Engine Room,room_centre,high,49.466373,8.409620,49.582003,17.606845,217,241,217,212,29.0,True,True,True,M12aa_01l,True,moves 29 px from the vanilla position,"off walkable floor, nearest is room M12aa_01l (45 px across), only note in it"
ebo_m46ab,m46aa,4,SW_MAPNOTE001,39448,Strange Obelisks,none,n/a,100.221870,123.704697,,,227,74,,,0.0,True,True,,M46aa_01a,,,"on floor of M46aa_01a, too large to centre in (316 px across)"
end_m01aa,m01aa,6,SW_WAYPOINT001,34305,Bridge,none,n/a,34.280258,155.674500,,,406,130,,,0.0,True,True,,M01aa_07a,,,"on floor of M01aa_07a, too large to centre in (86 px across)"
end_m01aa,m01aa,7,SW_WAYPOINT001,43391,Escape Pod Access,none,n/a,45.013935,120.189560,,,311,156,,,0.0,True,True,,M01aa_08a,,,"already on an exit (6 px); it marks that way through, so leave it there"
end_m01aa,m01aa,18,SW_WAYPOINT001,39590,Quarters,door_room,medium,14.999200,21.433613,15.539645,22.921238,48,82,52,83,4.1,True,True,True,M01aa_01a,True,green-door rule: moved into the room through the door,"marks a drawn green door line (11 px long); centred in the room it opens into, M01aa_01a (48 px across, the only room either side)"
end_m01ab,m01ab,6,SW_WAYPOINT001,34353,Escape Pods,none,n/a,82.828049,42.306335,,,55,197,,,0.0,True,True,,M01ab_12a,,,"on floor of M01ab_12a, too large to centre in (84 px across)"
kas_m22aa,m22aa,46,SW_MAPNOTE001,33404,Ebon Hawk,transition,high,54.812141,50.997375,52.243190,50.170586,93,208,87,210,6.3,True,True,True,M22aa_04a,False,,"names trigger EbonHawk -> ebo_m12aa (To the Ebon Hawk), name match 1.00; centred on its drawn transition line (9 px long) and set 4 px clear of it"
kas_m22aa,m22aa,47,SW_MAPNOTE001,39700,To the Great Walkway,transition,high,166.228363,140.869797,167.613007,141.561005,335,26,338,25,3.2,True,True,True,m22aa_01a,False,,"names door KashyyykDoor3 -> kas_m22ab (Kashyyyk - The Great Walkway), name match 1.00"
kas_m22aa,m22aa,48,SW_MAPNOTE001,39701,Janos' Office,room_centre,high,167.446472,78.844933,159.582730,82.403683,337,152,320,145,18.4,True,True,True,M22aa_03a,False,,"off walkable floor, nearest is room M22aa_03a (80 px across), only note in it"
kas_m22ab,m22ab,32,SW_MAPNOTE001,39721,To the Czerka Dock,below_threshold,n/a,52.512909,270.460480,,,85,71,,,2.2,True,True,,m22ab_05a,,,"names door KashyyykDoor3 -> kas_m22aa (Kashyyyk - Czerka Landing Port), name match 0.50; centred on its drawn transition line (6 px long) and set 4 px clear of it; pulled 3 px onto walkable floor of m22ab_05a"
kas_m22ab,m22ab,33,SW_MAPNOTE001,39722,To Rwookrrorro Village,transition,high,228.789261,313.888428,230.443587,317.721636,232,37,233,34,3.2,True,True,True,m22ab_09a,False,,"names door kas22_towndoor -> kas_m23aa (to the Village of Rwookrrorro), name match 1.00; centred on its drawn diagonal transition line (10 px long) and set 4 px clear of it; pulled 4 px onto walkable floor of m22ab_09a"
kas_m22ab,m22ab,34,SW_MAPNOTE001,39723,Supply Station,none,n/a,179.975662,269.249268,,,191,72,,,0.0,True,True,,m22ab_09a,,,"on floor of m22ab_09a, but 2 notes share that room"
kas_m22ab,m22ab,35,SW_MAPNOTE001,39724,Basket to the Shadowlands,none,n/a,301.529999,97.504944,,,292,208,,,0.0,True,True,,m22ab_12a,,,"on floor of m22ab_12a, too large to centre in (106 px across)"
kas_m23aa,m23aa,8,SW_MAPNOTE001,39700,To the Great Walkway,transition,high,71.553047,130.857742,69.551514,133.309086,101,42,97,37,6.4,True,True,True,M23Aa_02a,False,,"names door KashyyykDoor3 -> kas_m22ab (Kashyyyk - The Great Walkway), name match 1.00; centred on its drawn diagonal transition line (14 px long) and set 4 px clear of it"
kas_m23aa,m23aa,9,SW_MAPNOTE001,39729,Chieftain's Hall,none,n/a,94.231949,65.096252,,,146,172,,,0.0,True,True,,M23Aa_03a,,,"already on a doorway (5 px); it marks that way through, and no room could be derived from the door, so leave it there"
kas_m23aa,m23aa,10,SW_MAPNOTE001,39730,Holder of the Laws,object,high,180.391647,91.163010,180.899002,93.422501,317,120,318,116,4.1,True,True,True,M23Aa_08a,False,,"names the door 'Holder of the Laws' (Door List), 4 px away, name match 1.00"
kas_m23aa,m23aa,11,SW_MAPNOTE001,39731,Home of Woorwill,transition,high,124.565742,83.727745,128.020198,85.739398,206,135,213,131,8.1,True,True,True,M23Aa_06a,False,,"names door KashyyykDoor1 -> kas_m23ab (Kashyyyk - Woorwill's Home), name match 1.00; centred on its drawn diagonal transition line (12 px long) and set 4 px clear of it"
kas_m23ab,m23ab,1,SW_MAPNOTE001,33461,Exit,transition,low,27.842918,13.321379,29.209209,12.337501,271,119,284,127,15.3,True,True,True,m23ab_01a,False,,"the only exit nearby is door KashyyykDoor2 -> kas_m23aa (Kashyyyk - Village of Rwookrrorro), 16 px away; matched on position, not name; offset from its drawn transition line (40 px long) and set 4 px clear of it"
kas_m23ac,m23ac,3,SW_MAPNOTE001,33461,Exit,transition,low,37.566174,14.635536,37.271130,13.776923,287,113,284,120,7.6,True,True,True,m23ac_01a,False,,"the only exit nearby is door KashyyykDoor2 -> kas_m23aa (Kashyyyk - Village of Rwookrrorro), 17 px away; matched on position, not name; offset from its drawn transition line (45 px long) and set 4 px clear of it"
kas_m23ad,m23ad,8,SW_MAPNOTE001,33461,Exit,transition,low,43.945854,20.283871,45.131819,20.770896,292,90,300,87,8.5,True,True,True,m23ad_01a,False,,"the only exit nearby is door KashyyykDoor2 -> kas_m23aa (Kashyyyk - Village of Rwookrrorro), 15 px away; matched on position, not name; offset from its drawn transition line (30 px long) and set 4 px clear of it"
kas_m24aa,m24aa,23,SW_MAPNOTE001,39782,Basket Up,room_centre,medium,68.363785,148.274231,76.974085,159.243751,106,129,114,120,12.0,True,True,True,m24aa_02a,False,,"sole note in room m24aa_02a (71 px across), only note in it"
kas_m24aa,m24aa,24,SW_MAPNOTE001,39783,Jolee's Hut,room_centre,medium,145.285355,137.318695,156.071147,138.953901,176,138,186,136,10.2,True,True,True,m24aa_10a,False,,"sole note in room m24aa_10a (79 px across), only note in it"
kas_m24aa,m24aa,25,SW_MAPNOTE001,39784,Czerka Hunting Ground,none,n/a,241.464615,225.213318,,,262,68,,,0.0,True,True,,m24aa_05a,,,"on floor of m24aa_05a, too large to centre in (94 px across)"
kas_m24aa,m24aa,26,SW_MAPNOTE001,39785,Forcefield,object,high,340.639160,170.957672,340.978149,164.194504,352,111,352,116,5.0,True,True,True,m24aa_09a,False,,"names the sound 'forcefield loop' (SoundList), 5 px away, name match 1.00"
kas_m25aa,m25aa,31,SW_MAPNOTE001,39891,To Upper Shadowlands,transition,high,184.744797,243.268646,180.224640,246.999997,288,35,284,32,5.0,True,True,True,M25aa_01a,False,,"names trigger Exit -> kas_m24aa (To the Upper Shadowlands), name match 1.00; centred on its drawn transition line (8 px long) and set 4 px clear of it"
kas_m25aa,m25aa,32,SW_MAPNOTE001,39892,Swoop Bikes,room_centre,medium,30.198788,117.079559,27.370482,111.798215,147,140,144,145,5.8,True,True,True,M25aa_10A,False,,"sole note in room M25aa_10A (38 px across), only note in it"
kas_m25aa,m25aa,33,SW_MAPNOTE001,39893,Computer,below_threshold,n/a,78.263229,19.838837,,,191,221,,,2.2,True,True,,M25aa_12A,,,"names the sound 'computer rnd' (SoundList), 2 px away, name match 1.00"
kas_m25aa,m25aa,34,SW_MAPNOTE001,39894,Ritual Marker,room_centre,medium,189.058670,45.553070,186.988854,34.562610,292,200,290,209,9.2,True,True,True,M25aa_07A,False,,"sole note in room M25aa_07A (49 px across), only note in it"
kas_m25aa,m25aa,35,SW_MAPNOTE001,39895,Freyyr,room_centre,medium,183.984253,156.743958,190.499388,130.331302,287,107,293,129,22.8,True,True,True,M25aa_04A,False,,"sole note in room M25aa_04A (70 px across), only note in it"
korr_m33aa,m33aa,39,k33a_map_dreexit,39910,To Korriban,transition,medium,243.565186,161.872147,242.374736,163.611998,345,98,343,95,3.6,True,True,True,M33aa_07a,False,,"the only exit nearby is door kor33a_kor33b -> korr_m33ab (Korriban - Sith Academy Entrance), 3 px away; matched on position, not name; centred on its drawn diagonal transition line (10 px long) and set 4 px clear of it"
korr_m33aa,m33aa,40,k33a_map_store,34558,Czerka Store,room_centre,medium,189.095703,184.213623,186.269710,180.498267,255,63,250,69,7.8,True,True,True,M33aa_03a,False,,"sole note in room M33aa_03a (37 px across), only note in it"
korr_m33aa,m33aa,41,k33a_map_cantina,34552,Cantina,room_centre,medium,245.053879,179.805267,248.278822,184.443350,347,70,353,63,9.2,True,True,True,M33aa_04a,False,,"sole note in room M33aa_04a (69 px across), only note in it"
korr_m33aa,m33aa,65,k33a_map_ebon,34556,To Ebon Hawk,transition,high,107.852074,188.206619,110.376925,189.040002,121,57,125,56,4.1,True,True,True,M33aa_01b,False,,"names trigger k33_trg_ebonhawk -> ebo_m12aa (Ebon Hawk), name match 1.00; centred on its drawn transition line (11 px long) and set 4 px clear of it"
korr_m33ab,m33ab,14,k33b_map_dreshda,34574,To Dreshdae,transition,high,8.911469,2.879304,9.292857,4.850000,179,153,180,149,4.1,True,True,True,M33ab_01,False,,"names door kor33b_kor33a -> korr_m33aa (Korriban - Dreshdae), name match 1.00; centred on its drawn transition line (12 px long) and set 4 px clear of it"
korr_m33ab,m33ab,15,k33b_map_sithaca,34576,To Sith Academy,transition,high,81.061974,-4.039699,79.383768,-2.155556,323,165,320,162,4.2,True,True,True,M33ab_01,False,,"names door k33b_dor_academy -> korr_m35aa (Korriban - Sith Academy), name match 1.00; centred on its drawn transition line (12 px long) and set 4 px clear of it"
korr_m34aa,m34aa,4,k34_map_valley,39926,To Valley,transition,high,6.685781,150.699890,9.665000,153.756846,112,127,115,124,4.2,True,True,True,m34aa_01a,False,,"names trigger k34_trg_k36 -> korr_m36aa (Korriban - Valley of the Dark Lords), name match 1.00; centred on its drawn transition line (7 px long) and set 4 px clear of it"
korr_m34aa,m34aa,24,k34_map_renegade,43806,Renegade Sith,room_centre,medium,111.843956,99.768654,112.621468,107.993828,217,174,217,166,8.0,True,True,True,m34aa_04a,False,,"sole note in room m34aa_04a (71 px across), only note in it"
korr_m35aa,m35aa,1,k35_way_pcroom,34654,Bedroom,room_centre,medium,42.719975,111.575775,47.452758,109.758182,141,89,148,91,7.3,True,True,True,M35aa_14,False,,"sole note in room M35aa_14 (26 px across), only note in it"
korr_m35aa,m35aa,41,k35_map_dreshdae,34574,To Dreshdae,transition,low,121.717903,61.000935,123.526503,58.230767,250,154,253,158,5.0,True,True,True,M35aa_03,False,,"the only exit nearby is door kor35_kor33b -> korr_m33ab (Korriban - Sith Academy Entrance), 12 px away; matched on position, not name; centred on its drawn transition line (6 px long) and set 4 px clear of it; pulled 3 px onto walkable floor of M35aa_03"
korr_m35aa,m35aa,51,k35_map_valley,39926,To Valley,transition,high,121.724289,157.423248,122.803611,162.596146,251,30,252,23,7.1,True,True,True,M35aa_01,False,,"names door kor35_kor36 -> korr_m36aa (Korriban - Valley of the Dark Lords), name match 1.00; centred on its drawn transition line (7 px long) and set 4 px clear of it"
korr_m35aa,m35aa,52,k35_map_duelling,39942,Dueling Room,room_centre,medium,188.095032,51.990299,188.227363,49.913206,342,166,343,169,3.2,True,True,True,M35aa_22,False,,"sole note in room M35aa_22 (43 px across), only note in it"
korr_m35aa,m35aa,53,k35_map_torture,39946,Interrogation Room,below_threshold,n/a,184.981979,91.750565,,,338,115,,,2.8,True,True,,M35aa_21,,,"sole note in room M35aa_21 (36 px across), only note in it"
korr_m36aa,m36aa,11,k36_way_lashowe,47880,Meeting Place,none,n/a,89.107224,252.165070,,,228,26,,,0.0,True,True,,M36aa_01,,,"on floor of M36aa_01, but 5 notes share that room"
korr_m36aa,m36aa,30,k36_map_sithacad,34576,To Sith Academy,transition,high,38.512924,0.525375,36.880001,-4.959965,183,239,182,244,5.1,True,True,True,M36aa_03,False,,"names door kor36_kor35 -> korr_m35aa (Korriban - Sith Academy), name match 1.00; centred on its drawn diagonal transition line (8 px long) and set 4 px clear of it"
korr_m36aa,m36aa,31,k36_map_caves,34676,To Caves,transition,high,58.563133,63.228775,69.939998,68.200022,201,186,211,182,10.8,True,True,True,M36aa_02,False,,"names trigger k36_trg_k34 -> korr_m34aa (Korriban - Shyrack Caves), name match 1.00; centred on its drawn diagonal transition line (8 px long) and set 4 px clear of it"
korr_m36aa,m36aa,32,k36_map_final,39988,To Naga Sadow's Tomb,transition,high,32.171669,253.072769,24.340002,254.639990,178,25,171,24,7.1,True,True,True,M36aa_01,False,,"names door kor36_kor39 -> korr_m39aa (Korriban - Tomb of Naga Sadow), name match 1.00; centred on its drawn transition line (7 px long) and set 4 px clear of it"
korr_m36aa,m36aa,33,k36_map_second,39990,To Marka Ragnos' Tomb,transition,high,27.450588,180.172104,20.920002,180.300003,174,87,168,87,6.0,True,True,True,M36aa_01,False,,"names door kor36_kor38a -> korr_m38aa (Korriban - Tomb of Marka Ragnos), name match 1.00; centred on its drawn diagonal transition line (10 px long) and set 4 px clear of it"
korr_m36aa,m36aa,34,k36_map_third,39991,To Tulak Hord's Tomb,transition,high,117.244095,247.889999,126.939993,247.559991,252,30,261,30,9.0,True,True,True,M36aa_01,False,,"names door kor36_kor38b -> korr_m38ab (Korriban - Tomb of Tulak Hord), name match 1.00; centred on its drawn transition line (8 px long) and set 4 px clear of it"
korr_m36aa,m36aa,35,k36_map_firsttom,39989,To Ajunta Pall's Tomb,below_threshold,n/a,131.849884,177.106140,,,265,90,,,2.0,True,True,,M36aa_01,,,"names door kor36_kor37 -> korr_m37aa (Korriban - Tomb of Ajunta Pall), name match 1.00; centred on its drawn diagonal transition line (8 px long) and set 4 px clear of it"
korr_m37aa,m37aa,9,k37_map_valley,39926,To Valley,below_threshold,n/a,8.623657,17.501030,,,79,136,,,0.0,True,True,,M37aa_02,,,"names door k37_door_valley -> korr_m36aa (Korriban - Valley of the Dark Lords), name match 1.00; centred on its drawn transition line (8 px long) and set 4 px clear of it"
korr_m37aa,m37aa,12,k37_map_sarc,40008,Sith Sarcophagus,below_threshold,n/a,146.031372,23.425493,,,380,123,,,0.0,True,True,,M37aa_12,,,off walkable floor; pulled onto nearest floor of M37aa_12 (room too large to centre in)
korr_m38aa,m38ab,5,k38a_map_valley,39926,To Valley,transition,high,13.298141,74.555481,12.947478,76.393549,48,123,47,120,3.2,True,True,True,M38ab_07,False,,"names door kor38a_kor36 -> korr_m36aa (Korriban - Valley of the Dark Lords), name match 1.00; centred on its drawn transition line (8 px long) and set 4 px clear of it"
korr_m38aa,m38ab,9,k38a_map_sarcoph,40008,Sith Sarcophagus,none,n/a,149.857773,74.609215,,,379,123,,,0.0,True,True,,M38ab_08,,,"already on a doorway (6 px); it marks that way through, and no room could be derived from the door, so leave it there"
korr_m38ab,m38aa,13,k38b_map_valley,39926,To Valley,transition,high,8.890373,54.564922,10.059091,55.921739,44,112,47,109,4.2,True,True,True,M38aa_07,False,,"names door kor38b_kor36 -> korr_m36aa (Korriban - Valley of the Dark Lords), name match 1.00; centred on its drawn transition line (11 px long) and set 4 px clear of it"
korr_m38ab,m38aa,16,k38b_map_sarc,40008,Sith Sarcophagus,none,n/a,147.751923,74.412827,,,385,65,,,0.0,True,True,,M38aa_08,,,"already on a doorway (1 px); it marks that way through, and no room could be derived from the door, so leave it there"
korr_m39aa,m39aa,13,k39_map_valley,39926,To Valley,transition,high,8.527145,107.092384,3.392856,106.095179,219,30,217,22,8.2,True,True,True,M39aa_18,False,,"names door kor39_kor36 -> korr_m36aa (Korriban - Valley of the Dark Lords), name match 1.00; centred on its drawn diagonal transition line (5 px long) and set 4 px clear of it"
korr_m39aa,m39aa,19,k39_map_starmap,40066,Star Map,below_threshold,n/a,129.761230,107.420120,,,219,222,,,1.0,True,True,,M39aa_01,,,"names the sound 'star map zzzzz' (SoundList), 1 px away, name match 1.00"
lev_m40aa,m40aa,37,SW_MAPNOTE001,40105,Elevator,object,medium,186.640945,78.543259,180.199997,79.000000,394,132,381,131,13.0,True,True,True,M40aa_12a,True,"lands in room M40aa_17a, vanilla was in M40aa_12a","names the door 'Elevator' (Door List), 13 px away, name match 1.00"
lev_m40aa,m40aa,81,lev40_mnbarracks2,40879,Barracks,below_threshold,n/a,103.962982,28.087212,,,229,219,,,2.0,True,True,,M40aa_11a,,,"sole note in room M40aa_11a (42 px across), only note in it"
lev_m40aa,m40aa,82,lev40_mncell2,44173,Cell Block,below_threshold,n/a,131.549713,44.053677,,,284,191,,,0.0,True,True,,M40aa_18c,,,"sole note in room M40aa_18c (50 px across), only note in it"
lev_m40aa,m40aa,83,lev40_mndroid,44174,Droid Maintenance,below_threshold,n/a,63.472214,94.086945,,,149,105,,,1.0,True,True,,M40aa_00b,,,"sole note in room M40aa_00b (39 px across), only note in it"
lev_m40aa,m40aa,84,lev40_mnmedical,44175,Medical,room_centre,medium,65.115341,61.887257,64.691808,63.853191,152,161,151,157,4.1,True,True,True,M40aa_00a,False,,"sole note in room M40aa_00a (39 px across), only note in it"
lev_m40aa,m40aa,85,lev40_mndetention,44176,Detention,below_threshold,n/a,27.482141,57.583786,,,77,168,,,2.2,True,True,,M40aa_02a,,,"sole note in room M40aa_02a (50 px across), only note in it"
lev_m40ab,m40ab,19,SW_MAPNOTE001,40105,Elevator,object,medium,12.511911,54.433472,19.000000,55.000000,46,130,64,128,18.1,True,True,True,M40ab_13a,True,"lands in room M40ab_01a, vanilla was in M40ab_13a","names the door 'Elevator' (Door List), 18 px away, name match 1.00"
lev_m40ab,m40ab,20,lev40_mndroid,40102,Droid Bay,room_centre,medium,53.391293,33.183968,54.846061,34.662459,157,184,161,180,5.7,True,True,True,M40ab_17a,False,,"sole note in room M40ab_17a (74 px across), only note in it"
lev_m40ab,m40ab,21,lev40_mnarmory,40113,Armory,below_threshold,n/a,89.201546,37.648537,,,254,173,,,1.4,True,True,,M40ab_19a,,,"sole note in room M40ab_19a (58 px across), only note in it"
lev_m40ab,m40ab,22,SW_MAPNOTE001,40114,To Bridge,below_threshold,n/a,138.909103,54.641754,,,389,129,,,2.2,True,True,,M40ab_07b,,,"names door lev40_bridgedoor -> lev_m40ad (Leviathan - Bridge), name match 1.00; centred on its drawn transition line (16 px long) and set 4 px clear of it"
lev_m40ab,m40ab,23,SW_MAPNOTE001,40115,To Bridge Storage,transition,high,122.344185,72.714790,122.955520,74.353885,344,83,346,79,4.5,True,True,True,M40ab_21a,False,,"names door lev40_storage -> lev_m40ad (Leviathan - Bridge), name match 1.00; centred on its drawn transition line (12 px long) and set 4 px clear of it"
lev_m40ab,m40ab,52,lev40_mnbarracks1,40879,Barracks,below_threshold,n/a,55.903603,74.734100,,,164,78,,,1.4,True,True,,M40ab_15a,,,"sole note in room M40ab_15a (79 px across), only note in it"
lev_m40ab,m40ab,53,lev40_mnbarracks2,40879,Barracks,none,n/a,62.892735,53.161404,,,183,133,,,0.0,True,True,,M40ab_16a,,,"on floor of M40ab_16a, too large to centre in (81 px across)"
lev_m40ab,m40ab,54,lev40_mnbarracks3,40879,Barracks,below_threshold,n/a,121.002190,35.147705,,,341,179,,,1.4,True,True,,M40ab_23a,,,"sole note in room M40ab_23a (60 px across), only note in it"
lev_m40ab,m40ab,55,lev40_mnelevator1,44300,Elevator Corridor,none,n/a,35.266537,91.215225,,,108,36,,,0.0,True,True,,M40ab_03a,,,names a transition but no exit matched it (2 in this module); centring it in a room would be wrong
lev_m40ab,m40ab,56,lev40_mnelevator2,44300,Elevator Corridor,none,n/a,35.154041,18.462326,,,107,222,,,0.0,True,True,,M40ab_04a,,,names a transition but no exit matched it (2 in this module); centring it in a room would be wrong
lev_m40ab,m40ab,57,lev40_mncentral1,44301,Central Corridor,none,n/a,75.144180,90.456879,,,216,38,,,0.0,True,True,,M40ab_03b,,,"on floor of M40ab_03b, too large to centre in (112 px across)"
lev_m40ab,m40ab,58,lev40_mncentral2,44301,Central Corridor,none,n/a,75.334351,19.095053,,,217,220,,,0.0,True,True,,M40ab_04b,,,"on floor of M40ab_04b, too large to centre in (82 px across)"
lev_m40ab,m40ab,59,lev40_mnbridge,44302,Bridge Corridor,room_centre,medium,114.811195,54.717049,118.892085,56.023132,324,129,335,126,11.4,True,True,True,M40ab_06b,False,,"sole note in room M40ab_06b (60 px across), only note in it"
lev_m40ac,m40ac,16,SW_MAPNOTE001,40105,Elevator,object,high,12.570417,154.499725,19.000000,155.000000,50,52,59,51,9.1,True,True,True,M40ac_29a,True,"lands in room M40ac_38a, vanilla was in M40ac_29a","names the door 'Elevator' (Door List), 9 px away, name match 1.00"
lev_m40ac,m40ac,17,SW_MAPNOTE001,40126,Hangar Control,room_centre,medium,124.939407,152.287247,124.997906,145.646725,200,55,200,63,8.0,True,True,True,M40ac_32a,False,,"sole note in room M40ac_32a (69 px across), only note in it"
lev_m40ac,m40ac,18,SW_MAPNOTE001,40127,To Hangar,transition,high,258.614594,154.814407,256.300961,152.878574,377,52,374,54,3.6,True,True,True,M40ac_34a,False,,"names door lev40_hangar -> ebo_m40ad (), name match 1.00; centred on its drawn transition line (4 px long) and set 4 px clear of it; pulled 1 px onto walkable floor of M40ac_34a"
lev_m40ad,m40ad,6,SW_MAPNOTE001,40131,To Command Deck,transition,high,123.142723,77.153976,123.190532,74.524996,53,98,53,103,5.0,True,True,True,M40ad_20a,True,"lands in room M40ad_21a, vanilla was in M40ad_20a","names door lev40_stddoor -> lev_m40ab (Leviathan - Command Deck), name match 1.00; centred on its drawn transition line (10 px long) and set 4 px clear of it"
lev_m40ad,m40ad,7,SW_MAPNOTE001,35404,Airlock,below_threshold,n/a,122.300545,96.241425,,,51,62,,,1.0,True,True,,M40ad_27a,,,"names the sound 'steam room airlock room' (SoundList), 1 px away, name match 1.00"
lev_m40ad,m40ad,8,SW_MAPNOTE001,35404,Airlock,object,high,184.523987,74.199738,184.471527,76.605011,181,104,181,99,5.0,True,True,True,M40ad_27a,False,,"names the sound 'steam room airlock room' (SoundList), 5 px away, name match 1.00"
lev_m40ad,m40ad,9,SW_MAPNOTE001,40131,To Command Deck,transition,high,153.587280,54.733006,154.706507,56.674998,117,141,119,137,4.5,True,True,True,M40ad_24a,False,,"names door lev40_cmddoor -> lev_m40ab (Leviathan - Command Deck), name match 1.00; centred on its drawn transition line (10 px long) and set 4 px clear of it"
lev_m40ad,m40ad,10,SW_MAPNOTE001,34305,Bridge,none,n/a,267.560883,54.717133,,,355,141,,,0.0,True,True,,M40ad_25a,,,"on floor of M40ad_25a, too large to centre in (110 px across)"
liv_m99aa,m50aa,21,yav50_map,48569,To Ebon Hawk,transition,high,7.101915,-2.782331,7.208910,-4.972010,60,131,53,131,7.0,True,True,True,M50aa_01a,False,,"names door yavinarea -> ebo_m12aa (To Ebon Hawk), name match 1.00"
manm26aa,m26aa,15,SW_WAYPOINT001,35012,Ahto High Court,none,n/a,49.737206,-4.620861,,,190,210,,,0.0,True,True,,M26aa_14a,,,"on floor of M26aa_14a, too large to centre in (124 px across)"
manm26aa,m26aa,16,SW_WAYPOINT001,35013,Mercenary Enclave,room_centre,medium,-24.181437,29.148516,-16.802064,33.421320,279,29,291,47,21.6,True,True,True,M26aa_11a,False,,"sole note in room M26aa_11a (78 px across), only note in it"
manm26aa,m26aa,17,SW_WAYPOINT001,35014,To Ahto City Central,transition,medium,1.795118,43.597378,1.281819,46.041025,318,92,324,91,6.1,True,True,True,M26aa_10b,False,,"names door man26aa_door05 -> manm26ac (Manaan - West Central), name match 0.50; centred on its drawn transition line (11 px long) and set 4 px clear of it"
manm26aa,m26aa,38,SW_MAPNOTE001,43297,Holding Cell,door_room,low,28.186375,17.570738,22.024034,17.019003,249,157,248,142,15.0,True,True,True,M26aa_10c,True,"green-door rule: moved into the room through the door; the door joins two rooms of similar size (M26aa_10c 98, M26aa_12a 147): which one the note names cannot be derived","marks a drawn green door line (11 px long); centred in the room it opens into, M26aa_10c (54 px across, vs M26aa_12a on the other side)"
manm26ab,m26ab,11,SW_WAYPOINT001,35033,Swoop Track Registration,room_centre,medium,-81.741325,34.887787,-82.555939,33.280227,225,231,228,232,3.2,True,True,True,M26ab_17a,False,,"sole note in room M26ab_17a (53 px across), only note in it"
manm26ab,m26ab,12,SW_WAYPOINT001,33405,General Shop,room_centre,medium,2.949697,20.857605,7.566640,20.961665,249,88,249,80,8.0,True,True,True,M26ab_16a,False,,"sole note in room M26ab_16a (38 px across), only note in it"
manm26ab,m26ab,13,SW_WAYPOINT001,35034,Sith Base,transition,high,44.994118,14.526221,47.845654,13.359441,260,17,262,12,5.4,True,True,True,M26ab_19a,False,,"names trigger to27a -> manm27aa (Manaan - Sith Base), name match 1.00; centred on its drawn transition line (4 px long) and set 4 px clear of it"
manm26ab,m26ab,14,SW_WAYPOINT001,35035,To Ahto City East Central,transition,high,-51.343971,77.972519,-49.306520,77.630769,150,179,151,176,3.2,True,True,True,M26ab_15d,False,,"names door man26ab_door06 -> manm26ae (Manaan - East Central), name match 1.00; centred on its drawn diagonal transition line (10 px long) and set 4 px clear of it"
manm26ac,m26ac,23,SW_WAYPOINT001,35054,To Docking Bay,transition,high,-58.660873,163.244064,-60.234486,165.474760,210,17,208,14,3.6,True,True,True,M26ac_04d,False,,"names door man26ac_to26ad -> manm26ad (Docking Bay), name match 1.00; centred on its drawn diagonal transition line (8 px long) and set 4 px clear of it"
manm26ac,m26ac,24,SW_WAYPOINT001,35055,Port Official,room_centre,medium,-38.201050,65.803467,-44.328605,65.485431,237,141,229,141,8.0,True,True,True,M26ac_04a,False,,"sole note in room M26ac_04a (29 px across), only note in it"
manm26ac,m26ac,25,SW_WAYPOINT001,35056,To Ahto West,below_threshold,n/a,-105.884109,25.295444,,,148,193,,,2.2,True,True,,M26ac_01d,,,"names door man26ac_to26aa -> manm26aa (Ahto West), name match 1.00; centred on its drawn diagonal transition line (7 px long) and set 4 px clear of it"
manm26ac,m26ac,26,SW_WAYPOINT001,35035,To Ahto City East Central,transition,high,-7.043694,-1.613562,-2.404598,-0.955140,278,227,284,226,6.1,True,True,True,M26ac_01b,True,"lands in room M26ac_01c, vanilla was in M26ac_01b","names door man26ac_to26ae -> manm26ae (East Central), name match 1.00; centred on its drawn transition line (4 px long) and set 4 px clear of it"
manm26ad,m26ad,51,SW_MAPNOTE001,33404,Ebon Hawk,transition,high,253.696838,177.679657,259.156250,175.559998,278,141,272,139,6.3,True,True,True,M26AD_01A,False,,"names trigger man26ad_to12aa -> ebo_m12aa (Ebon Hawk), name match 1.00; centred on its drawn transition line (8 px long) and set 4 px clear of it"
manm26ad,m26ad,52,SW_MAPNOTE001,45134,Sith Hangar,below_threshold,n/a,337.582642,185.624878,,,186,150,,,2.0,True,True,,M26AD_03D,,,"marks a drawn green door line (8 px long); centred in the room it opens into, M26AD_03D (17 px across, vs M26AD_03B on the other side)"
manm26ad,m26ad,53,SW_MAPNOTE001,45135,Private Hangar,below_threshold,n/a,422.237640,172.185516,,,94,135,,,1.4,True,True,,M26AD_03C,,,"marks a drawn green door line (8 px long); centred in the room it opens into, M26AD_03C (19 px across, vs M26AD_03A on the other side)"
manm26ad,m26ad,54,SW_MAPNOTE001,19297,Manaan - West Central,below_threshold,n/a,340.134979,208.683319,,,184,175,,,0.0,True,True,,M26AD_03G,,,"names door man26ad_to26ac -> manm26ac (Manaan - West Central), name match 1.00; centred on its drawn transition line (7 px long) and set 4 px clear of it"
manm26ae,m26ae,69,SW_MAPNOTE001,40212,To West Central Courtyard,transition,high,10.083447,-1.142236,11.350980,-3.515108,137,220,139,224,4.5,True,True,True,M26ae_01c,False,,"names door man26ae_to26ac -> manm26ac (Manaan - West Central), name match 1.00; centred on its drawn transition line (8 px long) and set 4 px clear of it"
manm26ae,m26ae,70,SW_MAPNOTE001,40213,Tyvark's Shop,room_centre,medium,13.157757,19.081623,19.178968,21.506394,142,189,152,186,10.4,True,True,True,M26ae_05a,False,,"sole note in room M26ae_05a (43 px across), only note in it"
manm26ae,m26ae,71,SW_MAPNOTE001,40214,To East Courtyard,transition,medium,107.231026,25.758583,112.323526,27.805755,295,179,303,176,8.5,True,True,True,M26ae_01d,False,,"names door man26ae_to26ab -> manm26ab (Manaan - Ahto East), name match 0.50; centred on its drawn diagonal transition line (10 px long) and set 4 px clear of it"
manm26ae,m26ae,72,SW_MAPNOTE001,35175,Visitor's Hotel,object,medium,12.695713,63.881256,22.356400,62.065102,141,121,157,123,16.1,True,True,True,M26ae_07a,True,"lands in room M26ae_06a, vanilla was in M26ae_07a","names the door ""Visitor's Hotel"" (Door List), 16 px away, name match 1.00"
manm26ae,m26ae,73,SW_MAPNOTE001,40215,Republic Enclave,room_centre,medium,79.437187,72.110748,74.930365,65.936901,250,108,242,118,12.8,True,True,True,M26ae_02a,False,,"sole note in room M26ae_02a (50 px across), only note in it"
manm27aa,m27aa,26,SW_MAPNOTE001,40265,Elevator to Ahto City,transition,medium,102.985878,35.733490,107.631088,36.820001,204,208,202,202,6.3,True,True,True,M27aa_01a,False,,"the only exit nearby is trigger to26b -> manm26ab (Manaan - West Central), 6 px away; matched on position, not name; centred on its drawn diagonal transition line (6 px long) and set 4 px clear of it"
manm27aa,m27aa,27,SW_MAPNOTE001,40266,Security Checkpoint,none,n/a,113.597633,35.592731,,,204,194,,,0.0,True,True,,M27aa_01a,,,"on floor of M27aa_01a, but 2 notes share that room"
manm27aa,m27aa,28,SW_MAPNOTE001,40267,Flow Control,door_room,medium,149.191086,-27.365700,150.250427,-38.152827,291,147,306,146,15.0,True,True,True,M27aa_11b,True,green-door rule: moved into the room through the door,"marks a drawn green door line (5 px long); centred in the room it opens into, M27aa_11b (36 px across, vs M27aa_11a on the other side)"
manm27aa,m27aa,29,SW_MAPNOTE001,40268,North Computer Room,below_threshold,n/a,208.381958,108.510025,,,102,69,,,1.0,True,True,,M27aa_10a,,,"marks a drawn green door line (5 px long); centred in the room it opens into, M27aa_10a (25 px across, the only room either side)"
manm27aa,m27aa,30,SW_MAPNOTE001,40269,Training Annex,below_threshold,n/a,227.133575,19.284187,,,226,44,,,0.0,True,True,,M27aa_19c,,,"sole note in room M27aa_19c (61 px across), only note in it"
manm27aa,m27aa,31,SW_MAPNOTE001,40270,Secondary Entrance,none,n/a,124.925415,1.820427,,,251,179,,,0.0,True,True,,M27aa_02d,,,names a transition but no exit matched it (1 in this module); centring it in a room would be wrong
manm27aa,m27aa,32,SW_MAPNOTE001,40271,Droid Repair,below_threshold,n/a,129.942993,65.678505,,,162,173,,,2.2,True,True,,M27aa_04a,,,"sole note in room M27aa_04a (30 px across), only note in it"
manm28aa,m28aa,28,SW_WAYPOINT001,35404,Airlock,none,n/a,135.762772,71.099365,,,209,214,,,0.0,True,True,,M28AA_12A,,,names a transition but no exit matched it (0 in this module); centring it in a room would be wrong
manm28aa,m28aa,29,SW_WAYPOINT001,35404,Airlock,none,n/a,83.884262,68.871986,,,142,217,,,0.0,True,True,,M28AA_13A,,,names a transition but no exit matched it (0 in this module); centring it in a room would be wrong
manm28aa,m28aa,30,SW_WAYPOINT001,35405,Envirosuit Storage,none,n/a,102.013832,108.972420,,,166,167,,,0.0,True,True,,M28AA_15A,,,"on floor of M28AA_15A, but 2 notes share that room"
manm28aa,m28aa,31,SW_WAYPOINT001,35404,Airlock,none,n/a,212.420776,81.299126,,,308,201,,,0.0,True,True,,M28AA_10A,,,names a transition but no exit matched it (0 in this module); centring it in a room would be wrong
manm28aa,m28aa,37,SW_MAPNOTE001,35179,Submersible,room_centre,medium,131.426804,202.123413,123.864950,211.115789,204,51,194,39,15.6,True,True,True,M28AA_01A,False,,"sole note in room M28AA_01A (69 px across), only note in it"
manm28aa,m28aa,46,cs,45799,Central Storage Room,room_centre,medium,128.193558,104.324440,132.785928,106.002388,200,173,206,171,6.3,True,True,True,M28AA_07A,False,,"sole note in room M28AA_07A (40 px across), only note in it"
manm28aa,m28aa,47,ws,45820,West Storage Room,room_centre,medium,86.034355,112.369537,81.896181,111.342669,145,163,140,164,5.1,True,True,True,M28AA_14A,False,,"sole note in room M28AA_14A (43 px across), only note in it"
manm28aa,m28aa,48,ehb,45803,East Hallway B,none,n/a,188.420013,134.377518,,,277,135,,,0.0,True,True,,M28AA_02D,,,"on floor of M28AA_02D, too large to centre in (84 px across)"
manm28aa,m28aa,49,sh,45814,South Hallway,none,n/a,142.266998,86.964905,,,218,194,,,0.0,True,True,,M28AA_02G,,,"on floor of M28AA_02G, too large to centre in (119 px across)"
manm28aa,m28aa,50,sc,45811,Security Room,below_threshold,n/a,102.175949,125.469696,,,166,146,,,0.0,True,True,,M28AA_08A,,,"marks a drawn green door line (8 px long); centred in the room it opens into, M28AA_08A (28 px across, the only room either side)"
manm28aa,m28aa,51,en,45805,Environment Suit Containment,none,n/a,101.862564,109.531792,,,166,166,,,0.0,True,True,,M28AA_15A,,,"on floor of M28AA_15A, but 2 notes share that room"
manm28aa,m28aa,52,sco,41774,Security Computer,none,n/a,210.804352,174.733337,,,306,85,,,0.0,True,True,,M28AA_02C,,,"on floor of M28AA_02C, but 2 notes share that room"
manm28aa,m28aa,61,SW_WAYPOINT001,35403,Security Control,none,n/a,210.951538,175.023895,,,307,85,,,0.0,True,True,,M28AA_02C,,,"on floor of M28AA_02C, but 2 notes share that room"
manm28ab,m28ab,16,SW_WAYPOINT001,35408,To Hrakert Station,none,n/a,127.490364,98.838905,,,174,45,,,0.0,True,True,,m28ab_07a,,,names a transition but no exit matched it (0 in this module); centring it in a room would be wrong
manm28ab,m28ab,17,SW_WAYPOINT001,35408,To Hrakert Station,none,n/a,177.124878,98.714066,,,240,45,,,0.0,True,True,,m28ab_10a,,,names a transition but no exit matched it (0 in this module); centring it in a room would be wrong
manm28ab,m28ab,18,SW_WAYPOINT001,35404,Airlock,none,n/a,254.489517,60.035263,,,345,94,,,0.0,True,True,,m28ab_20a,,,names a transition but no exit matched it (0 in this module); centring it in a room would be wrong
manm28ab,m28ab,19,SW_WAYPOINT001,35404,Airlock,none,n/a,267.944214,20.115461,,,363,144,,,0.0,True,True,,m28ab_20a,,,names a transition but no exit matched it (0 in this module); centring it in a room would be wrong
manm28ac,m28ac,3,SW_WAYPOINT001,35404,Airlock,none,n/a,216.145416,76.041847,,,258,45,,,0.0,True,True,,M28AC_22C,,,names a transition but no exit matched it (0 in this module); centring it in a room would be wrong
manm28ac,m28ac,4,SW_WAYPOINT001,35421,To Sea Floor,none,n/a,259.367706,109.867523,,,165,113,,,0.0,True,True,,M28AC_22A,,,names a transition but no exit matched it (0 in this module); centring it in a room would be wrong
manm28ac,m28ac,5,SW_WAYPOINT001,35421,To Sea Floor,none,n/a,233.439148,145.977463,,,221,186,,,0.0,True,True,,M28AC_23A,,,names a transition but no exit matched it (0 in this module); centring it in a room would be wrong
manm28ad,m28ad,3,SW_WAYPOINT001,35425,To Kolto Control,none,n/a,82.108551,94.543755,,,139,169,,,0.0,True,True,,m28ad_01a,,,names a transition but no exit matched it (1 in this module); centring it in a room would be wrong
manm28ad,m28ad,4,SW_WAYPOINT001,35408,To Hrakert Station,below_threshold,n/a,73.884445,119.856239,,,128,142,,,1.4,True,True,,m28ad_01a,,,"the only exit nearby is door ManaanDoor2 -> manm28aa (), 2 px away; matched on position, not name; centred on its drawn transition line (5 px long) and set 4 px clear of it"
manm28ad,m28ad,5,SW_WAYPOINT001,33475,Star Map,none,n/a,195.101562,106.972412,,,300,156,,,0.0,True,True,,m28ad_01a,,,"on floor of m28ad_01a, but 4 notes share that room"
manm28ad,m28ad,6,SW_WAYPOINT001,35426,Kolto Control Panel,none,n/a,126.162239,107.820091,,,202,155,,,0.0,True,True,,m28ad_01a,,,"on floor of m28ad_01a, but 4 notes share that room"
sta_m45aa,m45aa,11,k45a_map_elevato,35471,To Elevator,below_threshold,n/a,98.095100,151.266800,,,264,67,,,1.4,True,True,,M45aa_02a,,,"names the door 'Elevator Door' (Door List), 1 px away, name match 1.00"
sta_m45aa,m45aa,22,k45a_map_east,40316,To East Exit,below_threshold,n/a,152.890366,-80.146492,,,308,238,,,2.2,True,True,,M45aa_05a,,,"names door sta45a_east_45b -> sta_m45ab (Star Forge - Deck 2), name match 0.50; centred on its drawn transition line (4 px long) and set 4 px clear of it; pulled 3 px onto walkable floor of M45aa_05a"
sta_m45aa,m45aa,23,k45a_map_west,40318,To West Exit,below_threshold,n/a,-15.942015,-79.843979,,,173,238,,,1.0,True,True,,M45aa_05f,,,"names door sta45a_west_45b -> sta_m45ab (Star Forge - Deck 2), name match 0.50"
sta_m45aa,m45aa,24,k45_map_ebonhawk,34556,To Ebon Hawk,transition,high,65.308899,177.247070,71.754412,180.652631,238,48,243,45,5.8,True,True,True,M45aa_02a,False,,"names trigger k45_trg_ebonhawk -> ebo_m12aa (Star Forge - Ebon Hawk), name match 1.00; pulled 3 px onto walkable floor of M45aa_02a"
sta_m45ab,m45ab,3,k45b_map_elevato,35471,To Elevator,transition,medium,-1.502640,-192.767212,0.085106,-191.829016,100,188,103,186,3.6,True,True,True,M45ab_07b,False,,"the only exit nearby is door sta45b_sta45c -> sta_m45ac (Star Forge - Command Center), 5 px away; matched on position, not name; centred on its drawn diagonal transition line (7 px long) and set 4 px clear of it; pulled 4 px onto walkable floor of M45ab_07b"
sta_m45ab,m45ab,6,k45b_map_east,40316,To East Exit,transition,medium,152.888184,-110.401398,153.787234,-108.678756,359,53,361,50,3.6,True,True,True,M45ab_05a,False,,"names door sta45b_east_45a -> sta_m45aa (Star Forge - Deck 1), name match 0.50; centred on its drawn diagonal door line (8 px long) and set 4 px clear of it"
sta_m45ab,m45ab,7,k45b_map_west,40318,To West Exit,below_threshold,n/a,-16.061001,-110.039078,,,76,52,,,1.0,True,True,,M45ab_05f,,,"names door sta45b_west_45a -> sta_m45aa (Star Forge - Deck 1), name match 0.50; centred on its drawn door line (8 px long) and set 4 px clear of it"
sta_m45ab,m45ab,25,SW_MAPNOTE001,47876,Computer Room,below_threshold,n/a,142.518234,-178.620300,,,342,164,,,1.0,True,True,,M45ab_07e,,,"sole note in room M45ab_07e (39 px across), only note in it"
sta_m45ac,m45ac,9,k45c_map_west,35473,To West Elevator,below_threshold,n/a,-1.492493,-193.331741,,,99,61,,,2.0,True,True,,M45ac_02c,,,"the only exit nearby is door sta45c_sta45b -> sta_m45ab (Star Forge - Deck 2), 3 px away; matched on position, not name; centred on its drawn diagonal transition line (5 px long) and set 4 px clear of it; pulled 2 px onto walkable floor of M45ac_02c"
sta_m45ac,m45ac,10,k45c_map_east,35469,To East Elevator,below_threshold,n/a,116.849884,1.166901,,,298,181,,,1.4,True,True,,M45ac_07b,,,"the only exit nearby is door sta45c_sta45d -> sta_m45ad (Star Forge - Factory), 2 px away; matched on position, not name; centred on its drawn diagonal transition line (3 px long) and set 4 px clear of it; pulled 1 px onto walkable floor of M45ac_07b"
sta_m45ad,m45ad,3,k45d_map_command,35596,To Command Center,transition,high,202.189667,308.137177,201.734039,310.453125,222,59,221,54,5.1,True,True,True,M45ad_01b,False,,"names door sta45d_sta45c -> sta_m45ac (Star Forge - Command Center), name match 1.00; centred on its drawn transition line (8 px long) and set 4 px clear of it"
sta_m45ad,m45ad,4,k45d_map_elevato,35471,To Elevator,none,n/a,238.391953,293.665527,,,300,88,,,0.0,True,True,,M45ad_03b,,,names a transition but no exit matched it (1 in this module); centring it in a room would be wrong
tar_m02aa,m02aa,19,SW_MAPNOTE001,40479,To Your Apartment,transition,medium,91.979782,134.415771,91.437990,132.837870,178,50,176,55,5.4,True,True,True,M02aa_09a,False,,"the only exit nearby is door tar02_aprtdoor -> tar_m02af (Taris - Hideout), 4 px away; matched on position, not name; centred on its drawn diagonal transition line (11 px long) and set 4 px clear of it"
tar_m02aa,m02aa,20,SW_MAPNOTE001,40480,To Upper City,below_threshold,n/a,112.608154,83.342834,,,244,206,,,1.0,True,True,,M02aa_09f,,,"names door ptar_stnddr -> tar_m02ac (Taris - Upper City South), name match 1.00; centred on its drawn transition line (12 px long) and set 4 px clear of it"
tar_m02aa,m02aa,21,SW_MAPNOTE001,40481,Dia's Apartment,room_centre,medium,76.240036,111.862152,75.061276,112.179113,127,119,123,118,4.1,True,True,True,M02aa_04a,False,,"sole note in room M02aa_04a (58 px across), only note in it"
tar_m02ab,m02ab,33,SW_MAPNOTE001,40495,Droids by Janice,door_room,medium,112.441872,67.595543,108.614865,63.098981,164,204,158,209,7.8,True,True,True,M02ab_01b,True,green-door rule: moved into the room through the door,"marks a drawn green door line (20 px long); centred in the room it opens into, M02ab_01b (42 px across, vs M02ab_02g on the other side)"
tar_m02ab,m02ab,34,SW_MAPNOTE001,40496,To Lower City,transition,high,121.879738,130.896942,127.589744,132.642725,176,126,184,124,8.2,True,True,True,M02ab_96c,False,,"names door tar02_lowdoor -> tar_m03aa (Taris - Lower City), name match 1.00; centred on its drawn transition line (9 px long) and set 4 px clear of it"
tar_m02ab,m02ab,35,SW_MAPNOTE001,40497,To Sith Base,transition,high,112.574913,220.190933,114.205128,224.994537,164,17,166,11,6.3,True,True,True,m02ab_01a,False,,"names door tar02_sithdoor -> tar_m09aa (Taris - Sith Base), name match 1.00; centred on its drawn transition line (12 px long) and set 4 px clear of it"
tar_m02ab,m02ab,36,SW_MAPNOTE001,40498,To Apartments,below_threshold,n/a,221.417068,139.311874,,,310,116,,,2.2,True,True,,M02ab_01h,,,"names door tar02_door02ad -> tar_m02ad (Taris - North Apartments), name match 1.00; centred on its drawn diagonal transition line (10 px long) and set 4 px clear of it"
tar_m02ab,m02ab,37,SW_MAPNOTE001,40499,To Upper City South,transition,high,222.349747,63.966072,222.025641,58.270912,311,208,311,215,7.0,True,True,True,M02ab_02e,True,"lands in room M02ab_01c, vanilla was in M02ab_02e","names door UpperSouth -> tar_m02ac (Taris - Upper City South), name match 1.00; centred on its drawn transition line (10 px long) and set 4 px clear of it"
tar_m02ab,m02ab,38,tar_party,40500,To Sith Party,none,n/a,221.196594,141.369522,,,310,113,,,0.0,True,True,,M02ab_01h,,,names a transition but no exit matched it (4 in this module); centring it in a room would be wrong
tar_m02ac,m02ac,39,SW_MAPNOTE001,40480,To Upper City,below_threshold,n/a,186.984940,112.309097,,,251,87,,,1.0,True,True,,M02ac_02e,,,"names door UpperNorth -> tar_m02ab (Taris - Upper City North), name match 1.00; centred on its drawn transition line (8 px long) and set 4 px clear of it"
tar_m02ac,m02ac,40,SW_MAPNOTE001,40504,Clinic,door_room,medium,187.726273,75.578369,184.425592,67.002185,252,132,248,142,10.8,True,True,True,M02ac_02g,True,green-door rule: moved into the room through the door,"marks a drawn green door line (11 px long); centred in the room it opens into, M02ac_02g (35 px across, vs M02ac_02e on the other side)"
tar_m02ac,m02ac,41,SW_MAPNOTE001,40505,Equipment Emporium,door_room,low,76.243515,67.383118,88.118511,63.696362,109,142,124,146,15.5,True,True,True,M02ac_02i,True,"green-door rule: moved into the room through the door; the door joins two rooms of similar size (M02ac_02i 205, M02ac_02j 225): which one the note names cannot be derived","marks a drawn green door line (12 px long); centred in the room it opens into, M02ac_02i (36 px across, vs M02ac_02j on the other side)"
tar_m02ac,m02ac,42,SW_MAPNOTE001,40506,To Upper City Cantina,below_threshold,n/a,90.117432,28.042831,,,126,190,,,2.2,True,True,,M02ac_02k,,,"names door tar02_cantdoor -> tar_m02ae (Taris - Upper City Cantina), name match 1.00; centred on its drawn transition line (11 px long) and set 4 px clear of it"
tar_m02ac,m02ac,50,SW_MAPNOTE001,40498,To Apartments,transition,high,90.137970,121.791664,89.754544,125.312001,126,75,126,71,4.0,True,True,True,M02ac_02b,False,,"names door Apartments -> tar_m02aa (Taris - South Apartments), name match 1.00; centred on its drawn transition line (12 px long) and set 4 px clear of it"
tar_m02ad,m02ad,20,SW_MAPNOTE001,40480,To Upper City,transition,high,112.231369,84.376236,113.163641,84.322289,213,204,216,204,3.0,True,True,True,M02ad_09f,False,,"names door ptar_stnddr -> tar_m02ab (Taris - Upper City North), name match 1.00; centred on its drawn transition line (8 px long) and set 4 px clear of it"
tar_m02ad,m02ad,21,SW_MAPNOTE001,40514,Largo's Apartment,room_centre,medium,137.348160,87.228752,138.860510,86.134440,292,195,297,199,6.4,True,True,True,M02ad_01a,False,,"sole note in room M02ad_01a (77 px across), only note in it"
tar_m02ad,m02ad,26,tar02_mnyuns,40515,Yun's Apartment,door_room,medium,135.833206,135.271317,139.107323,138.953640,288,52,298,41,14.9,True,True,True,M02ad_02a,True,green-door rule: moved into the room through the door,"marks a drawn green door line (12 px long); centred in the room it opens into, M02ad_02a (75 px across, the only room either side)"
tar_m02ad,m02ad,27,tar02_mnsarnas,40516,Sarna's Apartment,door_room,low,80.205658,112.166496,74.582229,112.210960,112,121,94,121,18.0,True,True,True,M02ad_04a,True,"green-door rule: moved into the room through the door; the door joins two rooms of similar size (M02ad_04a 150, M02ad_09h 153): which one the note names cannot be derived","marks a drawn green door line (12 px long); centred in the room it opens into, M02ad_04a (60 px across, vs M02ad_09h on the other side)"
tar_m02ae,m02ae,27,SW_MAPNOTE001,40480,To Upper City,transition,high,139.146332,109.577911,139.768953,111.038713,197,125,199,121,4.5,True,True,True,M02ae_01a,False,,"names door ptar_stnddr -> tar_m02ac (Taris - Upper City South), name match 1.00; centred on its drawn transition line (9 px long) and set 4 px clear of it"
tar_m02ae,m02ae,29,SW_MAPNOTE001,40531,Dueling Arena,none,n/a,207.627151,99.761696,,,393,151,,,0.0,True,True,,M02ae_07a,,,"on floor of M02ae_07a, too large to centre in (117 px across)"
tar_m02ae,m02ae,40,SW_MAPNOTE001,45989,Duel Organizer,none,n/a,109.898232,92.365868,,,114,170,,,0.0,True,True,,M02ae_03a,,,"on floor of M02ae_03a, too large to centre in (82 px across)"
tar_m02af,m02af,8,SW_MAPNOTE001,40564,To Apartment Complex,transition,low,89.353912,135.577423,90.610524,134.355998,240,159,252,170,16.3,True,True,True,M02af_01a,False,,"the only exit nearby is door tar02_aptdoor -> tar_m02aa (), 18 px away; matched on position, not name; offset from its drawn diagonal transition line (43 px long) and set 4 px clear of it"
tar_m03aa,m03aa,16,SW_MAPNOTE001,40570,To Black Vulkar Base,transition,high,458.987061,148.938751,470.348525,152.864289,366,156,378,152,12.6,True,True,True,m03aa_12a,False,,"names door tar03_blkdoor -> tar_m10aa (Taris - Black Vulkar Base), name match 1.00; centred on its drawn diagonal transition line (6 px long) and set 4 px clear of it; pulled 5 px onto walkable floor of m03aa_12a"
tar_m03aa,m03aa,17,SW_MAPNOTE001,40480,To Upper City,transition,high,403.218750,137.224106,405.650165,136.521432,305,167,308,168,3.2,True,True,True,m03aa_10a,False,,"names door tar04_elevdoor -> tar_m02ab (Taris - Upper City North), name match 1.00; centred on its drawn diagonal transition line (5 px long) and set 4 px clear of it; pulled 4 px onto walkable floor of m03aa_10a"
tar_m03aa,m03aa,18,SW_MAPNOTE001,40498,To Apartments,below_threshold,n/a,403.034607,161.618851,,,305,143,,,1.0,True,True,,m03aa_10a,,,"names door tar04_stddoor -> tar_m03ad (Taris - Lower City Apartments), name match 1.00; centred on its drawn diagonal transition line (5 px long) and set 4 px clear of it"
tar_m03aa,m03aa,19,SW_MAPNOTE001,40571,To Javyar's Cantina,transition,high,352.146362,173.168060,354.815740,175.335717,250,132,253,130,3.6,True,True,True,m03aa_09a,False,,"names door tar03_javydoor -> tar_m03ae (Taris - Javyar's Cantina), name match 1.00; centred on its drawn transition line (4 px long) and set 4 px clear of it"
tar_m03aa,m03aa,20,SW_MAPNOTE001,40572,To Hidden Bek Base,transition,high,357.500214,196.972549,355.740002,199.850003,256,109,254,106,3.6,True,True,True,m03aa_07a,False,,"names door tar03_bekdoor -> tar_m11aa (Taris - Hidden Bek Base), name match 1.00; centred on its drawn transition line (4 px long) and set 4 px clear of it"
tar_m03aa,m03aa,21,SW_MAPNOTE001,40498,To Apartments,transition,high,306.979523,210.321182,306.754102,207.000003,201,96,201,99,3.0,True,True,True,m03aa_05a,False,,"names door tar04_stddoor -> tar_m03ab (Taris - Lower City Apartments), name match 1.00; centred on its drawn transition line (6 px long) and set 4 px clear of it"
tar_m03aa,m03aa,22,SW_MAPNOTE001,40573,To Undercity,transition,high,194.242599,220.537750,193.994104,224.364289,79,86,79,82,4.0,True,True,True,m03aa_01a,False,,"names door tar04_elevdoor -> tar_m04aa (Taris - Undercity), name match 1.00; centred on its drawn transition line (5 px long) and set 4 px clear of it; pulled 1 px onto walkable floor of m03aa_01a"
tar_m03ab,m03ab,21,SW_MAPNOTE001,40496,To Lower City,below_threshold,n/a,112.467926,83.523941,,,221,203,,,1.0,True,True,,M03ab_09f,,,"names door ptar_stnddr -> tar_m03aa (Taris - Lower City), name match 1.00; centred on its drawn transition line (13 px long) and set 4 px clear of it"
tar_m03ab,m03ab,22,SW_MAPNOTE001,40616,Selven's Apartment,door_room,medium,135.840485,135.507965,139.084157,138.827578,293,52,303,43,13.5,True,True,True,M03ab_02a,True,green-door rule: moved into the room through the door,"marks a drawn green door line (13 px long); centred in the room it opens into, M03ab_02a (72 px across, the only room either side)"
tar_m03ad,m03ad,26,SW_MAPNOTE001,40496,To Lower City,below_threshold,n/a,112.654869,83.664413,,,225,203,,,1.4,True,True,,M03ad_09f,,,"names door tar03_stddoor -> tar_m03aa (Taris - Lower City), name match 1.00; centred on its drawn transition line (11 px long) and set 4 px clear of it"
tar_m03ad,m03ad,27,SW_MAPNOTE001,40632,Matrik's Apartment,door_room,low,136.946518,88.372581,139.158733,85.900755,299,190,306,197,9.9,True,True,True,M03ad_01a,True,"green-door rule: moved into the room through the door; the door joins two rooms of similar size (M03ad_01a 145, M03ad_09e 153): which one the note names cannot be derived","marks a drawn green door line (12 px long); centred in the room it opens into, M03ad_01a (74 px across, vs M03ad_09e on the other side)"
tar_m03ae,m03ae,11,SW_MAPNOTE001,40496,To Lower City,transition,high,139.235199,109.629356,141.277772,110.251726,298,116,305,114,7.3,True,True,True,M03ae_01a,True,"lands in room M03ae_05a, vanilla was in M03ae_01a","names door TarisDoor2 -> tar_m03aa (Taris - Lower City), name match 1.00; centred on its drawn transition line (12 px long) and set 4 px clear of it"
tar_m03ae,m03ae,12,SW_MAPNOTE001,40752,Bounty Office,none,n/a,109.819344,85.586281,,,198,195,,,0.0,True,True,,M03ae_03a,,,"on floor of M03ae_03a, too large to centre in (102 px across)"
tar_m03af,m03af,15,SW_MAPNOTE001,40766,Race Announcer,none,n/a,223.587234,219.750931,,,210,120,,,0.0,True,True,,m03af_01a,,,"on floor of m03af_01a, too large to centre in (251 px across)"
tar_m04aa,m04aa,54,SW_MAPNOTE001,40496,To Lower City,transition,high,183.915421,166.905090,183.652175,163.984905,156,143,156,146,3.0,True,True,True,M04aa_04b,False,,"names door tar04_elevdoor -> tar_m03aa (Taris - Lower City), name match 1.00; centred on its drawn transition line (10 px long) and set 4 px clear of it"
tar_m04aa,m04aa,55,SW_MAPNOTE001,40802,Village Gate,below_threshold,n/a,249.852112,202.247940,,,232,104,,,2.8,True,True,,M04aa_04q,,,"marks a drawn green door line (10 px long); centred in the room it opens into, M04aa_04q (24 px across, the only room either side)"
tar_m04aa,m04aa,56,SW_MAPNOTE001,40803,Escape Pod,room_centre,medium,322.350006,248.818817,303.000000,243.750000,315,54,293,59,22.6,True,True,True,M04aa_04f,False,,"sole note in room M04aa_04f (73 px across), only note in it"
tar_m04aa,m04aa,57,SW_MAPNOTE001,40804,To Sewers,below_threshold,n/a,239.248428,257.831940,,,220,44,,,2.8,True,True,,M04aa_04e,,,"names trigger tar04_goto05aa10 -> tar_m05aa (Taris - Lower Sewers), name match 1.00; centred on its drawn transition line (6 px long) and set 4 px clear of it"
tar_m04aa,m04aa,58,SW_MAPNOTE001,40804,To Sewers,transition,high,285.869446,115.893875,288.791992,116.692001,273,198,276,198,3.0,True,True,True,M04aa_04n,False,,"names door TarisDoor3 -> tar_m05aa (Taris - Lower Sewers), name match 1.00"
tar_m04aa,m04aa,83,SW_MAPNOTE001,46018,Rukil's Tent,none,n/a,207.014359,146.419846,,,183,165,,,0.0,True,True,,M04aa_04b,,,"on floor of M04aa_04b, but 4 notes share that room"
tar_m04aa,m04aa,84,SW_MAPNOTE001,46019,Gendar's Tent,none,n/a,208.831604,137.504059,,,185,175,,,0.0,True,True,,M04aa_04b,,,"on floor of M04aa_04b, but 4 notes share that room"
tar_m04aa,m04aa,85,SW_MAPNOTE001,46020,Igear's Bazaar,none,n/a,229.533295,181.227127,,,209,127,,,0.0,True,True,,M04aa_04b,,,"on floor of M04aa_04b, but 4 notes share that room"
tar_m05aa,m05aa,11,SW_MAPNOTE001,40812,Gamorrean Compound,door_room,medium,240.924316,176.372757,241.629238,186.796296,192,124,178,123,14.0,True,True,True,M05aa_18a,True,green-door rule: moved into the room through the door,"marks a drawn green door line (8 px long); centred in the room it opens into, M05aa_18a (28 px across, vs M05aa_06c on the other side)"
tar_m05aa,m05aa,12,SW_MAPNOTE001,40813,Force Field,below_threshold,n/a,280.092560,131.975891,,,248,74,,,2.2,True,True,,M05aa_09b,,,"names the sound 'Force Field' (SoundList), 2 px away, name match 1.00"
tar_m05aa,m05aa,25,mn_undercity,40573,To Undercity,none,n/a,294.260742,185.556183,,,180,56,,,0.0,True,True,,M05aa_10a,,,names a transition but no exit matched it (1 in this module); centring it in a room would be wrong
tar_m05aa,m05aa,26,mn_undercity,40573,To Undercity,none,n/a,290.610748,94.483475,,,295,61,,,0.0,True,True,,M05aa_01a,,,names a transition but no exit matched it (1 in this module); centring it in a room would be wrong
tar_m05ab,m05ab,18,SW_MAPNOTE001,40815,To Lower Sewers,below_threshold,n/a,70.241745,369.631836,,,59,104,,,1.0,True,True,,M05ab_11b,,,"names door ptar_swrdoor -> tar_m05aa (Taris - Lower Sewers), name match 1.00; centred on its drawn transition line (5 px long) and set 4 px clear of it"
tar_m05ab,m05ab,19,SW_MAPNOTE001,40570,To Black Vulkar Base,transition,high,286.499176,310.181519,284.881046,312.505618,399,192,396,189,4.2,True,True,True,M05ab_17a,False,,"names door tar05_elevator -> tar_m10aa (Taris - Black Vulkar Base), name match 1.00; centred on its drawn diagonal transition line (7 px long) and set 4 px clear of it"
tar_m08aa,m08aa,38,mapnote,40819,Throne Room,room_centre,medium,59.295128,104.268814,53.261026,103.606035,183,91,172,93,11.2,True,True,True,M08aa_16b,False,,"sole note in room M08aa_16b (36 px across), only note in it"
tar_m08aa,m08aa,39,SW_MAPNOTE001,40820,Hangar,clamp_to_floor,medium,61.843731,48.611610,59.641027,48.677700,188,187,184,187,4.0,True,True,True,M08aa_10a,False,,off walkable floor; pulled onto nearest floor of M08aa_10a (room too large to centre in)
tar_m08aa,m08aa,56,tar08_mnbarracks1,40879,Barracks,below_threshold,n/a,28.486280,86.374474,,,127,122,,,1.0,True,True,,M08aa_09a,,,"off walkable floor, nearest is room M08aa_09a (33 px across), only note in it"
tar_m08aa,m08aa,57,tar08_mnbarracks2,40879,Barracks,below_threshold,n/a,26.559576,121.119431,,,124,63,,,2.2,True,True,,M08aa_11a,,,"sole note in room M08aa_11a (33 px across), only note in it"
tar_m08aa,m08aa,58,tar08_mnbarracks3,40879,Barracks,room_centre,medium,67.398338,131.272278,70.111145,131.204071,198,45,203,45,5.0,True,True,True,M08aa_07a,False,,"sole note in room M08aa_07a (31 px across), only note in it"
tar_m08aa,m08aa,59,tar08_mnbarracks4,40879,Barracks,door_room,medium,86.311516,135.107620,82.572731,134.616867,233,39,226,40,7.1,True,True,True,M08aa_08a,True,green-door rule: moved into the room through the door,"marks a drawn green door line (3 px long); centred in the room it opens into, M08aa_08a (36 px across, the only room either side)"
tar_m08aa,m08aa,60,tar08_mnlab,46151,Spice Lab,door_room,low,17.725292,105.313896,22.336965,108.078828,108,90,116,85,9.4,True,True,True,M08aa_13a,True,"green-door rule: moved into the room through the door; the door joins two rooms of similar size (M08aa_13a 190, M08aa_09c 227): which one the note names cannot be derived","marks a drawn green door line (8 px long); centred in the room it opens into, M08aa_13a (48 px across, vs M08aa_09c on the other side)"
tar_m08aa,m08aa,62,tar08_mntorture,46152,"""Guest"" Room",below_threshold,n/a,48.404942,145.691833,,,164,21,,,1.4,True,True,,M08aa_14a,,,"off walkable floor, nearest is room M08aa_14a (33 px across), only note in it"
tar_m09aa,m09aa,11,SW_MAPNOTE001,40480,To Upper City,below_threshold,n/a,0.728339,-21.076153,,,248,229,,,1.4,True,True,,M09aa_01a,,,"names door ptar_secdoor -> tar_m02ab (Taris - Upper City South), name match 1.00; centred on its drawn transition line (18 px long) and set 4 px clear of it"
tar_m09aa,m09aa,12,tar09_mncontrol,46381,Control Center,none,n/a,-50.250294,17.608702,,,81,107,,,0.0,True,True,,M09aa_10a,,,"on floor of M09aa_10a, too large to centre in (128 px across)"
tar_m09aa,m09aa,15,tar09_mnbarracks1,40879,Barracks,clamp_to_floor,medium,-24.593172,10.781734,-24.643490,9.639158,165,129,165,132,3.0,True,True,True,M09aa_08b,False,,off walkable floor; pulled onto nearest floor of M09aa_08b (room too large to centre in)
tar_m09aa,m09aa,16,tar09_mnarmory,40113,Armory,below_threshold,n/a,-33.848671,-11.678845,,,135,200,,,2.0,True,True,,M09aa_07a,,,"off walkable floor, nearest is room M09aa_07a (75 px across), only note in it"
tar_m09aa,m09aa,17,tar09_mnreception,46382,Reception,below_threshold,n/a,0.770914,-12.569773,,,248,202,,,2.0,True,True,,M09aa_01a,,,off walkable floor; pulled onto nearest floor of M09aa_01a (room too large to centre in)
tar_m09aa,m09aa,18,tar09_mnmedical,44175,Medical,below_threshold,n/a,-8.900030,9.404832,,,217,133,,,2.0,True,True,,M09aa_08a,,,off walkable floor; pulled onto nearest floor of M09aa_08a (room too large to centre in)
tar_m09aa,m09aa,19,tar09_mnbarracks2,40879,Barracks,below_threshold,n/a,26.860731,11.322447,,,334,127,,,2.0,True,True,,M09aa_09a,,,off walkable floor; pulled onto nearest floor of M09aa_09a (room too large to centre in)
tar_m09aa,m09aa,20,tar09_mnelevator,40105,Elevator,transition,low,36.680111,-8.247711,37.818180,-11.824691,366,189,370,200,11.7,True,True,True,M09aa_06a,False,,"the only exit nearby is door ptar_elevdoor -> tar_m09ab (Taris - Sith Base), 17 px away; matched on position, not name; centred on its drawn transition line (12 px long) and set 4 px clear of it"
tar_m09ab,m09ab,0,SW_MAPNOTE001,40497,To Sith Base,below_threshold,n/a,66.562576,-10.753230,,,200,202,,,2.0,True,True,,M09ab_11b,,,"names door tar09_elevdoor -> tar_m09aa (Taris - Sith Base), name match 1.00; offset from its drawn transition line (28 px long) and set 4 px clear of it"
tar_m10aa,m10aa,30,SW_MAPNOTE001,40804,To Sewers,below_threshold,n/a,196.094955,142.457550,,,334,21,,,2.2,True,True,,M10aa_08a,,,"names door tar10_elev03 -> tar_m05ab (Taris - Upper Sewers), name match 1.00; centred on its drawn transition line (10 px long) and set 4 px clear of it"
tar_m10aa,m10aa,31,SW_MAPNOTE001,40496,To Lower City,transition,medium,153.355438,69.289932,152.973928,59.281079,228,189,227,212,23.0,True,True,True,M10aa_01b,False,,"names door ptar_secdoor -> tar_m03aa (Taris - Lower City), name match 1.00; centred on its drawn transition line (14 px long) and set 4 px clear of it"
tar_m10aa,m10aa,32,SW_MAPNOTE001,40877,To Garage,below_threshold,n/a,137.743637,138.355179,,,189,30,,,1.0,True,True,,M10aa_09a,,,"the only exit nearby is door tar10_elev02 -> tar_m10ac (Taris - Black Vulkar Base), 3 px away; matched on position, not name; centred on its drawn transition line (11 px long) and set 4 px clear of it"
tar_m10aa,m10aa,33,SW_MAPNOTE001,40878,Garage Security,none,n/a,157.823029,134.673523,,,239,39,,,0.0,True,True,,M10aa_05a,,,"already on a doorway (6 px); it marks that way through, and no room could be derived from the door, so leave it there"
tar_m10aa,m10aa,39,tar10_mnarmory,40113,Armory,none,n/a,153.173096,89.866829,,,227,142,,,0.0,True,True,,M10aa_01a,,,"on floor of M10aa_01a, too large to centre in (149 px across)"
tar_m10aa,m10aa,40,tar10_mnbarracks,40879,Barracks,room_centre,medium,105.176666,94.155365,107.614818,95.008380,108,132,114,130,6.3,True,True,True,M10aa_12a,False,,"sole note in room M10aa_12a (78 px across), only note in it"
tar_m10aa,m10aa,41,tar10_mnpool,46432,Pool,below_threshold,n/a,102.745613,128.889435,,,102,52,,,0.0,True,True,,M10aa_10a,,,"sole note in room M10aa_10a (51 px across), only note in it"
tar_m10aa,m10aa,42,tar10_mnrecroom,46433,Rec Room,room_centre,medium,185.312317,99.660736,185.557276,101.717338,307,119,308,114,5.1,True,True,True,M10aa_03a,False,,"sole note in room M10aa_03a (69 px across), only note in it"
tar_m10aa,m10aa,43,tar10_mncontrol,46434,Control Room,below_threshold,n/a,130.869843,84.791245,,,172,153,,,0.0,True,True,,M10aa_11a,,,"sole note in room M10aa_11a (40 px across), only note in it"
tar_m10aa,m10aa,44,tar10_mnelevator,46435,Garage Elevator,none,n/a,145.117722,134.689560,,,208,39,,,0.0,True,True,,M10aa_09a,,,names a transition but no exit matched it (3 in this module); centring it in a room would be wrong
tar_m10ac,m10ac,24,SW_MAPNOTE001,40895,To Main Base,below_threshold,n/a,65.446091,94.528198,,,185,63,,,1.0,True,True,,M10ac_35a,,,"names door tar10_elevator -> tar_m10aa (Taris - Black Vulkar Base), name match 0.50; centred on its drawn transition line (13 px long) and set 4 px clear of it"
tar_m10ac,m10ac,43,tar10_mngarage,46479,Garage,none,n/a,82.568901,83.150665,,,239,97,,,0.0,True,True,,M10ac_35a,,,"on floor of M10ac_35a, but 2 notes share that room"
tar_m10ac,m10ac,44,tar10_mnloading,46480,Loading Bay,none,n/a,111.212700,81.177567,,,328,103,,,0.0,True,True,,M10ac_36a,,,"on floor of M10ac_36a, too large to centre in (95 px across)"
tar_m10ac,m10ac,45,tar10_mnlab,46481,Engine Lab,none,n/a,105.978546,58.397453,,,312,171,,,0.0,True,True,,M10ac_31a,,,"on floor of M10ac_31a, too large to centre in (84 px across)"
tar_m10ac,m10ac,46,tar10_mnoffice,46482,Office,below_threshold,n/a,48.980297,103.974564,,,133,35,,,1.4,True,True,,M10ac_27a,,,"sole note in room M10ac_27a (51 px across), only note in it"
tar_m11aa,m11aa,23,SW_MAPNOTE001,40496,To Lower City,transition,high,70.762039,29.588823,70.344446,26.784070,212,220,211,227,7.1,True,True,True,M11aa_02b,False,,"names door ptar_secdoor -> tar_m03aa (Taris - Lower City), name match 1.00; centred on its drawn transition line (17 px long) and set 4 px clear of it"
tar_m11aa,m11aa,26,tar11_mnhall,46552,Main Hall,none,n/a,71.033905,64.027367,,,213,139,,,0.0,True,True,,M11aa_02a,,,"on floor of M11aa_02a, too large to centre in (153 px across)"
tar_m11aa,m11aa,27,tar11_mnbar,46553,Bar,object,high,31.560394,78.644676,30.466660,78.499116,117,105,114,105,3.0,True,True,True,M11aa_04a,False,,"names the sound 'Bar Loop' (SoundList), 10 px away, name match 1.00; pulled 7 px onto walkable floor of M11aa_04a"
tar_m11aa,m11aa,28,tar11_mnbarracks,40879,Barracks,none,n/a,47.787560,100.375046,,,156,53,,,0.0,True,True,,M11aa_06a,,,"on floor of M11aa_06a, too large to centre in (82 px across)"
tar_m11aa,m11aa,29,tar11_mnelevator,40105,Elevator,transition,low,70.421921,103.847610,70.344446,98.846019,211,45,211,57,12.0,True,True,True,M11aa_08a,False,,"the only exit nearby is door ptar_secdoor -> tar_m11ab (Taris - Hidden Bek Base), 15 px away; matched on position, not name; centred on its drawn transition line (12 px long) and set 4 px clear of it"
tar_m11ab,m11ab,1,SW_MAPNOTE001,40895,To Main Base,transition,medium,23.102400,28.989658,23.100000,30.037500,215,86,215,76,10.0,True,True,True,M11ab_09a,False,,"names door ptar_secdoor -> tar_m11aa (Taris - Hidden Bek Base), name match 0.50; offset from its drawn transition line (40 px long) and set 4 px clear of it"
tat_m17aa,m17aa,41,SW_MAPNOTE001,41005,Spaceport,object,high,94.165062,146.870941,90.410301,148.153000,106,50,99,48,7.3,True,True,True,m17aa_01,False,,"names the door 'Spaceport' (Door List), 7 px away, name match 1.00"
tat_m17aa,m17aa,42,SW_MAPNOTE001,41006,Hunting Lodge,below_threshold,n/a,124.882301,128.988541,,,156,78,,,2.2,True,True,,m17aa_02,,,"names door TatooineTransition -> tat_m17ad (Tatooine - Hunting Lodge), name match 1.00; centred on its drawn transition line (9 px long) and set 4 px clear of it"
tat_m17aa,m17aa,43,SW_MAPNOTE001,41007,Czerka Office,transition,high,131.155991,106.948196,129.286315,104.602855,166,112,163,116,5.0,True,True,True,m17aa_04,False,,"names door TatooineTransition -> tat_m17ag (Tatooine - Czerka Office), name match 1.00; centred on its drawn transition line (8 px long) and set 4 px clear of it"
tat_m17aa,m17aa,44,SW_MAPNOTE001,41008,Swoop Registration,transition,high,142.231476,66.739563,141.517895,64.522853,184,176,183,179,3.2,True,True,True,m17aa_07,False,,"names door TatooineTransition -> tat_m17ae (Tatooine - Swoop Registration), name match 1.00; centred on its drawn transition line (6 px long) and set 4 px clear of it"
tat_m17aa,m17aa,45,SW_MAPNOTE001,34552,Cantina,transition,high,209.669022,66.318840,214.295792,72.157139,294,176,302,167,12.0,True,True,True,m17aa_11,False,,"names door TatooineTransition -> tat_m17af (Tatooine - Cantina), name match 1.00; centred on its drawn transition line (8 px long) and set 4 px clear of it"
tat_m17aa,m17aa,46,SW_MAPNOTE001,33406,Droid Shop,transition,high,226.988785,141.562531,228.973688,144.046666,323,58,326,54,5.0,True,True,True,m17aa_14,False,,"names door TatooineTransition -> tat_m17ac (Tatooine - Droid Shop), name match 1.00; centred on its drawn diagonal transition line (6 px long) and set 4 px clear of it"
tat_m17aa,m17aa,47,SW_MAPNOTE001,41009,To the Dune Sea,none,n/a,265.401550,119.211624,,,386,93,,,0.0,True,True,,m17aa_17,,,names a transition but no exit matched it (6 in this module); centring it in a room would be wrong
tat_m17ab,m17ab,15,SW_MAPNOTE001,33404,Ebon Hawk,transition,high,-3.073670,-11.082098,-4.768750,-10.628205,201,129,195,127,6.3,True,True,True,M17ab_00a,False,,"names trigger EbonHawk -> ebo_m12aa (To the Ebon Hawk), name match 1.00; centred on its drawn transition line (12 px long) and set 4 px clear of it"
tat_m17ab,m17ab,16,SW_MAPNOTE001,33461,Exit,transition,low,7.468040,-42.785332,8.979520,-46.064201,240,238,245,249,12.1,True,True,True,M17ab_00a,False,,"the only exit nearby is door TatooineDoor2 -> tat_m17aa (Tatooine - Anchorhead), 12 px away; matched on position, not name"
tat_m17ac,m17ac,1,SW_MAPNOTE001,33461,Exit,transition,low,6.876740,4.333421,7.293855,3.680328,279,85,284,92,8.6,True,True,True,M17ac_00a,False,,"the only exit nearby is door TatooineDoor1 -> tat_m17aa (Tatooine - Anchorhead), 21 px away; matched on position, not name; offset from its drawn transition line (25 px long) and set 4 px clear of it"
tat_m17ad,m17ad,2,SW_MAPNOTE001,33461,Exit,transition,low,6.538286,4.536559,8.088827,3.697436,275,84,292,93,19.2,True,True,True,M17ad_00a,False,,"the only exit nearby is door TatooineDoor1 -> tat_m17aa (Tatooine - Anchorhead), 24 px away; matched on position, not name; offset from its drawn transition line (28 px long) and set 4 px clear of it"
tat_m17ae,m17ae,2,SW_MAPNOTE001,33461,Exit,transition,low,6.393696,4.757138,7.388462,3.188889,305,74,316,92,21.1,True,True,True,M17ae_00a,False,,"the only exit nearby is door TatooineDoor1 -> tat_m17aa (Tatooine - Anchorhead), 28 px away; matched on position, not name; centred on its drawn transition line (24 px long) and set 4 px clear of it"
tat_m17af,m17af,3,SW_MAPNOTE001,33461,Exit,transition,low,5.983589,4.719842,7.551630,3.736800,272,77,289,88,20.2,True,True,True,M17af_00a,False,,"the only exit nearby is door TatooineDoor1 -> tat_m17aa (Tatooine - Anchorhead), 30 px away; matched on position, not name; centred on its drawn transition line (24 px long) and set 4 px clear of it"
tat_m17ag,m17ae,3,SW_MAPNOTE001,33461,Exit,transition,low,6.445735,4.762976,7.388462,3.188889,305,74,316,92,21.1,True,True,True,M17ae_00a,False,,"the only exit nearby is door TatooineDoor1 -> tat_m17aa (Tatooine - Anchorhead), 28 px away; matched on position, not name; centred on its drawn transition line (24 px long) and set 4 px clear of it"
tat_m18aa,m18aa,61,SW_MAPNOTE001,41147,To Anchorhead,transition,high,37.091286,368.323547,44.316982,354.918711,111,29,116,37,9.4,True,True,True,m18aa_01a,False,,"names trigger AreaTransition -> tat_m17aa (To Anchorhead), name match 1.00; centred on its drawn diagonal transition line (10 px long) and set 4 px clear of it"
tat_m18aa,m18aa,62,SW_MAPNOTE001,41148,Sandcrawler,none,n/a,195.438049,173.310593,,,210,146,,,0.0,True,True,,m18aa_03a,,,"on floor of m18aa_03a, but 2 notes share that room"
tat_m18aa,m18aa,63,SW_MAPNOTE001,41149,Accident Site,none,n/a,281.361542,140.511139,,,264,166,,,0.0,True,True,,m18aa_03a,,,"on floor of m18aa_03a, but 2 notes share that room"
tat_m18aa,m18aa,64,SW_MAPNOTE001,41150,To the Sand People Territory,below_threshold,n/a,275.592407,63.427376,,,260,213,,,2.2,True,True,,m18aa_04a,,,"names trigger AreaTransition -> tat_m18ab (To the Sand People Territory), name match 1.00; centred on its drawn diagonal transition line (7 px long) and set 4 px clear of it"
tat_m18aa,m18aa,65,SW_MAPNOTE001,41151,To the Eastern Dune Sea,transition,high,341.576904,146.577774,332.826425,149.058536,301,162,296,161,5.1,True,True,True,m18aa_04a,False,,"names trigger AreaTransition -> tat_m18ac (To the Eastern Dune Sea), name match 1.00; centred on its drawn diagonal transition line (6 px long) and set 4 px clear of it"
tat_m18ab,m18ab,49,SW_MAPNOTE001,41009,To the Dune Sea,transition,high,116.061768,300.073334,118.433048,305.075223,163,43,165,40,3.6,True,True,True,m18ab_02a,True,"lands in room m18ab_01a, vanilla was in m18ab_02a","names trigger AreaTransition -> tat_m18aa (To the Dune Sea), name match 1.00; centred on its drawn transition line (5 px long) and set 4 px clear of it; pulled 1 px onto walkable floor of m18ab_01a"
tat_m18ab,m18ab,50,SW_MAPNOTE001,41151,To the Eastern Dune Sea,transition,high,311.330688,321.569153,321.368689,323.445658,294,29,301,28,7.1,True,True,True,m18ab_01a,False,,"names trigger AreaTransition -> tat_m18ac (To the Eastern Dune Sea), name match 1.00; centred on its drawn transition line (5 px long) and set 4 px clear of it; pulled 1 px onto walkable floor of m18ab_01a"
tat_m18ab,m18ab,51,SW_MAPNOTE001,41155,Sand People Enclave,transition,high,156.112259,22.829796,158.721741,32.580436,190,224,192,218,6.3,True,True,True,m18ab_04a,False,,"names door TatooineDoor3 -> tat_m20aa (Sand People Enclave), name match 1.00; centred on its drawn transition line (8 px long) and set 4 px clear of it"
tat_m18ac,m18ac,0,tat18_wp_starmap,40066,Star Map,clamp_to_map,low,378.091309,341.106689,311.714809,265.728283,431,-31,357,46,106.8,False,True,True,m18ac_04a,True,the walkable-floor gate moved it 86 px; moves 107 px from the vanilla position; vanilla position is off the map image; no exact answer exists,"world position is outside this area's map image, so the engine never draws it; clamped to the nearest map edge; pulled 86 px onto walkable floor of m18ac_04a"
tat_m18ac,m18ac,81,SW_MAPNOTE001,41150,To the Sand People Territory,below_threshold,n/a,118.370651,125.188660,,,141,192,,,2.2,True,True,,m18ac_01a,,,"names trigger AreaTransition -> tat_m18ab (To the Sand People Territory), name match 1.00; centred on its drawn diagonal transition line (5 px long) and set 4 px clear of it"
tat_m18ac,m18ac,82,SW_MAPNOTE001,41009,To the Dune Sea,below_threshold,n/a,88.731461,236.914398,,,108,76,,,2.8,True,True,,m18ac_01a,,,"names trigger AreaTransition -> tat_m18aa (To the Dune Sea), name match 1.00; centred on its drawn diagonal transition line (4 px long) and set 4 px clear of it"
tat_m18ac,m18ac,83,SW_MAPNOTE001,41239,Krayt Dragon Cave,none,n/a,315.470825,297.761292,,,361,13,,,0.0,True,True,,m18ac_04a,,,"on floor of m18ac_04a, but 2 notes share that room"
tat_m20aa,m20aa,15,SW_MAPNOTE001,33461,Exit,below_threshold,n/a,-28.258570,66.447174,,,68,126,,,1.4,True,True,,M20aa_00a,,,"the only exit nearby is door TatooineDoor3 -> tat_m18ab (Tatooine - Sand People Territory), 8 px away; matched on position, not name; offset from its drawn transition line (25 px long) and set 4 px clear of it"
tat_m20aa,m20aa,16,SW_MAPNOTE001,41258,Chieftain's Room,none,n/a,13.040528,63.859520,,,261,138,,,0.0,True,True,,M20aa_01,,,"on floor of M20aa_01, too large to centre in (198 px across)"
tat_m20aa,m20aa,17,SW_MAPNOTE001,41259,Captives,none,n/a,34.232578,66.601463,,,359,125,,,0.0,True,True,,M20aa_00d,,,"on floor of M20aa_00d, too large to centre in (151 px across)"
unk_m41aa,m41aa,21,ebonhawk,33404,Ebon Hawk,transition,high,86.218979,140.527634,92.639999,143.800001,244,147,252,143,8.9,True,True,True,M41aa_01a,False,,"names trigger AreaTransition -> ? (Ebon Hawk), name match 1.00; centred on its drawn diagonal transition line (5 px long) and set 4 px clear of it"
unk_m41aa,m41aa,22,northbeach,41306,To North Beach,below_threshold,n/a,146.701294,239.603958,,,316,37,,,2.2,True,True,,M41aa_02a,,,"names trigger unk41_goto41ac -> unk_m41ac (Unknown World - North Beach), name match 1.00; centred on its drawn diagonal transition line (10 px long) and set 4 px clear of it"
unk_m41aa,m41aa,23,temple,41326,To Temple,transition,high,161.528320,126.160637,169.534995,133.000002,334,163,343,155,12.0,True,True,True,M41aa_02b,True,"lands in room M41aa_02c, vanilla was in M41aa_02b","names trigger unk41_goto41ada -> unk_m41ad (Unknown World - Temple Exterior), name match 1.00; centred on its drawn diagonal transition line (10 px long) and set 4 px clear of it"
unk_m41ab,m41ab,2,centralbeach,41337,To Central Beach,transition,medium,186.382080,136.539368,185.402406,138.842461,321,131,320,128,3.2,True,True,True,M41ab_05a,False,,"the only exit nearby is trigger unk41_goto41aarc -> unk_m41ad (Unknown World - Temple Exterior), 2 px away; matched on position, not name; centred on its drawn transition line (15 px long) and set 4 px clear of it"
unk_m41ab,m41ab,3,redrakatan,46873,Red Settlement,below_threshold,n/a,51.400818,99.370636,,,126,182,,,1.4,True,True,,M41ab_06a,,,"names door RakataDoor2 -> unk_m42aa (Unknown World - Elder Settlement), name match 0.50; centred on its drawn diagonal transition line (11 px long) and set 4 px clear of it"
unk_m41ac,m41ac,18,centralbeach,41337,To Central Beach,below_threshold,n/a,160.280045,96.263580,,,192,195,,,2.2,True,True,,M41ac_09c,,,"names trigger unk41_goto41aabr -> unk_m41aa (Unknown World - Central Beach), name match 1.00; centred on its drawn transition line (12 px long) and set 4 px clear of it"
unk_m41ac,m41ac,19,blackrakata,41362,To Rakatan Settlement,transition,high,195.280060,198.238525,198.402703,199.592942,235,76,239,74,4.5,True,True,True,M41ac_08a,False,,"names door unk41_blkdoor -> unk_m43aa (Unknown World - Rakatan Settlement), name match 1.00; centred on its drawn diagonal transition line (7 px long) and set 4 px clear of it"
unk_m41ad,m41ad,8,centralbeach,41337,To Central Beach,transition,high,162.591034,129.705475,158.678128,124.078829,141,98,136,105,8.6,True,True,True,M41ad_03h,False,,"names trigger unk41_goto41aad -> unk_m41aa (Unknown World - Central Beach), name match 1.00; centred on its drawn diagonal transition line (14 px long) and set 4 px clear of it"
unk_m41ad,m41ad,9,southbeach,41714,To South Beach,below_threshold,n/a,191.940567,61.631821,,,182,184,,,2.2,True,True,,M41ad_03e,,,"names trigger unk41_goto41abd -> unk_m41ab (Unknown World - South Beach), name match 1.00; centred on its drawn diagonal transition line (10 px long) and set 4 px clear of it"
unk_m41ad,m41ad,10,temple,41715,Temple Entrance,transition,medium,256.035645,131.157242,264.292371,131.809882,270,96,281,95,11.0,True,True,True,M41ad_03a,False,,"names trigger AreaTransition -> unk_m44aa (Unknown World - Temple Interior), name match 0.50"
unk_m42aa,m42aa,20,southbeach,41714,To South Beach,transition,high,52.690628,28.056740,53.277632,24.942859,223,16,222,12,4.1,True,True,True,m42aa_01a,False,,"names door RakataDoor2 -> unk_m41ab (Unknown World - South Beach), name match 1.00; centred on its drawn transition line (4 px long) and set 4 px clear of it"
unk_m42aa,m42aa,21,dataarchives,41733,Data Archives,door_room,medium,52.547844,167.953781,52.511367,175.559137,223,219,223,230,11.0,True,True,True,m42aa_08a,True,green-door rule: moved into the room through the door,"marks a drawn green door line (8 px long); centred in the room it opens into, m42aa_08a (54 px across, vs m42aa_07a on the other side)"
unk_m43aa,m43aa,22,theone,41756,Arena of the One,none,n/a,33.567261,136.646454,,,76,62,,,0.0,True,True,,m43aa_08a,,,"on floor of m43aa_08a, too large to centre in (130 px across)"
unk_m43aa,m43aa,23,northbeach,41306,To North Beach,transition,high,202.341721,25.455208,201.799638,21.466670,357,229,356,235,6.1,True,True,True,m43aa_01a,False,,"names door RakataDoor2 -> unk_m41ac (Unknown World - North Beach), name match 1.00; centred on its drawn transition line (7 px long) and set 4 px clear of it"
unk_m44aa,m44aa,47,templeexit,41779,Temple Exit,below_threshold,n/a,95.429726,38.401794,,,161,132,,,2.2,True,True,,M44aa_w02,,,"names door unk44_exitdoor -> unk_m41ad (Unknown World - Temple Exterior), name match 0.50; centred on its drawn transition line (10 px long) and set 4 px clear of it"
unk_m44aa,m44aa,48,summit,41777,To Summit,below_threshold,n/a,101.125916,77.757545,,,245,143,,,1.4,True,True,,m44aa_24a,,,"names door unk44_basedoor -> unk_m44ac (Unknown World - Temple Summit), name match 1.00; centred on its drawn transition line (4 px long) and set 4 px clear of it"
unk_m44aa,m44aa,49,catacomb,41770,To Catacombs,transition,high,89.701599,65.944038,89.349750,64.033335,220,121,216,120,4.1,True,True,True,m44aa_23a,False,,"names door unk44_basedoor -> unk_m44ab (Unknown World - Temple Catacombs), name match 1.00; centred on its drawn transition line (8 px long) and set 4 px clear of it"
unk_m44aa,m44aa,50,prodroid,41772,Prototype Droid Command Terminal,none,n/a,116.096855,82.951256,,,257,173,,,0.0,True,True,,m44aa_09a,,,"on floor of m44aa_09a, but 2 notes share that room"
unk_m44aa,m44aa,51,seccomp1,41774,Security Computer,none,n/a,135.891983,53.436172,,,193,212,,,0.0,True,True,,m44aa_03a,,,"on floor of m44aa_03a, but 2 notes share that room"
unk_m44aa,m44aa,52,seccomp2,41774,Security Computer,room_centre,medium,65.290939,84.116798,60.174145,84.649525,259,72,260,62,10.0,True,True,True,m44aa_15a,False,,"sole note in room m44aa_15a (35 px across), only note in it"
unk_m44aa,m44aa,54,sc,47830,South Security Computer,none,n/a,131.936554,49.967148,,,186,204,,,0.0,True,True,,m44aa_03a,,,"on floor of m44aa_03a, but 2 notes share that room"
unk_m44aa,m44aa,55,pt,47828,Prototype Droid Command Room,door_room,low,118.990395,85.984512,130.185865,84.704053,263,179,260,201,22.2,True,True,True,m44aa_06a,True,"green-door rule: moved into the room through the door; the door joins two rooms of similar size (m44aa_06a 110, m44aa_09a 120): which one the note names cannot be derived","marks a drawn green door line (10 px long); centred in the room it opens into, m44aa_06a (36 px across, vs m44aa_09a on the other side)"
unk_m44aa,m44aa,56,ar,40113,Armory,below_threshold,n/a,74.997108,50.475174,,,187,92,,,2.8,True,True,,m44aa_25a,,,"sole note in room m44aa_25a (35 px across), only note in it"
unk_m44aa,m44aa,57,nco,47824,North Corridor,room_centre,medium,48.280334,73.378136,48.678597,84.638426,236,39,260,39,24.0,True,True,True,M44aa_w07,False,,"sole note in room M44aa_w07 (71 px across), only note in it"
unk_m44aa,m44aa,58,sco,47831,South Corridor,room_centre,medium,142.663895,73.750610,142.345572,85.069776,237,226,261,225,24.0,True,True,True,M44aa_w15,False,,"sole note in room M44aa_w15 (71 px across), only note in it"
unk_m44aa,m44aa,59,eg,47819,East Guard Post,below_threshold,n/a,96.223770,93.322044,,,279,134,,,2.0,True,True,,m44aa_22a,,,"sole note in room m44aa_22a (39 px across), only note in it"
unk_m44aa,m44aa,60,wg,47835,West Guard Post,none,n/a,95.252647,50.943737,,,188,132,,,0.0,True,True,,m44aa_02a,,,"on floor of m44aa_02a, but 2 notes share that room"
unk_m44aa,m44aa,73,MassiveDoor,41759,Massive Door,object,high,95.773605,46.080452,95.390503,44.977001,178,133,175,132,3.2,True,True,True,m44aa_02a,True,"lands in room M44aa_w02, vanilla was in m44aa_02a","names the door 'Massive Door' (Door List), 3 px away, name match 1.00"
unk_m44ab,m44ab,5,main,41800,To Main Level,transition,medium,58.272949,53.144238,58.703946,52.153335,355,163,360,161,5.4,True,True,True,m44ab_26a,False,,"the only exit nearby is door RakataDoor4 -> unk_m44aa (Unknown World - Temple Interior), 3 px away; matched on position, not name; centred on its drawn transition line (19 px long) and set 4 px clear of it"
unk_m44ab,m44ab,6,comp,41796,Ancient Computer,none,n/a,73.250481,107.685417,,,100,89,,,0.0,True,True,,m44ab_30a,,,"on floor of m44ab_30a, too large to centre in (162 px across)"
unk_m44ac,m44ac,10,main,41800,To Main Level,below_threshold,n/a,58.160824,54.108810,,,377,87,,,1.4,True,True,,m44ac_01a,,,"the only exit nearby is door unk44_tpllckdoor -> unk_m44aa (Unknown World - Temple Interior), 4 px away; matched on position, not name; centred on its drawn transition line (12 px long) and set 4 px clear of it"
unk_m44ac,m44ac,11,comp,41796,Ancient Computer,none,n/a,125.416153,62.076088,,,172,111,,,0.0,True,True,,m44ac_01a,,,"on floor of m44ac_01a, but 2 notes share that room"
