module,area,north_axis,index,tag,strref,name,world_x,world_y,px,py,drawn,dist_to_object,black_frac,luminance
danm13,m13aa,3,32,SW_WAYPOINT001,33403,To Outer Courtyard,82.46507263183594,125.25611877441406,261,72,True,0.0,0.08,115.70666666666666
danm13,m13aa,3,33,SW_WAYPOINT001,33404,Ebon Hawk,192.31735229492188,81.62255859375,212,196,True,4.123105625617661,0.0,115.16
danm13,m13aa,3,34,SW_WAYPOINT001,42974,Aratech Mercantile,170.377197265625,115.17521667480469,250,171,True,1.4142135623730951,0.32,96.24
danm13,m13aa,3,35,SW_WAYPOINT001,33407,Jedi Council Chamber,100.89140319824219,36.446617126464844,161,93,True,4.242640687119285,0.0,187.34666666666666
danm14aa,m14aa,0,15,dan14_mapnote,33411,Strange Ruins,339.04425048828125,82.43782806396484,380,166,True,2.23606797749979,0.0,126.18666666666667
danm14aa,m14aa,0,26,SW_WAYPOINT001,33412,To Jedi Enclave,109.16813659667969,90.53691101074219,127,158,True,1.0,0.0,120.16
danm14aa,m14aa,0,27,SW_WAYPOINT001,33413,Path South,170.37559509277344,71.72396087646484,195,177,True,2.0,0.0,121.44
danm14aa,m14aa,0,28,SW_WAYPOINT001,33413,Path South,288.9292907714844,59.28732681274414,325,189,True,2.23606797749979,0.0,128.09333333333333
danm14ab,m14ab,0,19,SW_WAYPOINT001,33424,Matale Estate,327.263671875,98.50515747070312,208,139,True,3.0,0.0,138.12
danm14ab,m14ab,0,20,SW_WAYPOINT001,33425,Path North,146.58905029296875,167.89749145507812,45,81,True,2.0,0.0,125.38666666666667
danm14ab,m14ab,0,21,SW_WAYPOINT001,33413,Path South,146.40248107910156,99.28449249267578,45,139,True,1.0,0.0,123.78666666666666
danm14ab,m14ab,0,22,SW_WAYPOINT001,33425,Path North,503.2722473144531,131.31231689453125,367,112,True,1.0,0.0,123.82666666666667
danm14ab,m14ab,0,23,SW_WAYPOINT001,33413,Path South,514.3519897460938,50.521209716796875,377,179,True,1.0,0.0,123.34666666666666
danm14ac,m14ac,0,27,SW_WAYPOINT001,33425,Path North,285.48431396484375,430.2940368652344,79,45,True,0.0,0.0,119.41333333333333
danm14ac,m14ac,0,28,SW_WAYPOINT001,33425,Path North,407.099609375,436.5667419433594,329,33,True,2.23606797749979,0.0,118.41333333333333
danm14ac,m14ac,0,29,SW_WAYPOINT001,33413,Path South,372.8788757324219,350.6751403808594,258,200,True,2.0,0.0,117.64
danm14ac,m14ac,0,30,SW_WAYPOINT001,33413,Path South,280.985107421875,386.40380859375,70,130,True,1.4142135623730951,0.0,110.28
danm14ac,m14ac,0,31,MN_grove,33453,Ancient Grove,437.27850341796875,380.1092529296875,390,143,True,4.0,0.0,121.57333333333334
danm14ad,m14ad,0,22,mapnote,33459,Sandral Estate,336.3312683105469,145.3870391845703,78,134,True,4.0,0.0,83.54666666666667
danm14ad,m14ad,0,23,SW_WAYPOINT001,33460,Cave Entrance,562.570068359375,117.4761962890625,414,171,True,3.0,0.0,108.45333333333333
danm14ad,m14ad,0,24,SW_WAYPOINT001,33425,Path North,531.2326049804688,152.87509155273438,367,124,True,2.0,0.0,117.89333333333333
danm14ad,m14ad,0,25,SW_WAYPOINT001,33425,Path North,357.58673095703125,204.6289825439453,110,55,True,2.23606797749979,0.0,125.28
danm14ae,m14ae,0,1,SW_WAYPOINT001,33461,Exit,13.59853744506836,151.77403259277344,60,190,True,6.4031242374328485,0.0,68.28
danm14ae,m14ae,0,17,SW_WAYPOINT001,39324,Crystal Formation,112.47144317626953,188.6027374267578,383,73,True,16.15549442140351,0.0,140.58666666666667
danm15,m15aa,1,2,SW_WAYPOINT001,33461,Exit,147.4824676513672,91.91378021240234,203,56,True,1.4142135623730951,0.0,119.65333333333334
danm15,m15aa,1,3,SW_WAYPOINT001,33475,Star Map,147.53724670410156,188.21563720703125,203,216,True,5.0990195135927845,0.0,120.48
danm16,m16aa,1,21,SW_WAYPOINT001,33461,Exit,45.33305358886719,30.60858154296875,226,29,True,1.0,0.0,172.21333333333334
danm16,m16aa,1,22,SW_WAYPOINT001,33461,Exit,19.614139556884766,63.62654113769531,325,151,True,2.23606797749979,0.0,132.17333333333335
danm16,m16aa,1,33,SW_MAPNOTE001,43297,Holding Cell,37.918983459472656,51.430213928222656,255,106,True,4.123105625617661,0.0,160.78666666666666
ebo_m12aa,m12aa,0,46,Cargo,39412,Cargo Hold,27.372234344482422,30.557634353637695,144,172,True,8.54400374531753,0.0,127.33333333333333
ebo_m12aa,m12aa,0,47,Cockpit,39414,Cockpit,52.77833938598633,80.17488098144531,228,17,True,3.0,0.0,124.13333333333334
ebo_m12aa,m12aa,0,48,PortQuarters,39415,Crew Quarters,23.219757080078125,54.239524841308594,131,98,True,4.242640687119285,0.0,148.05333333333334
ebo_m12aa,m12aa,0,49,Swoop,39416,Swoop Hangar,69.98545837402344,27.41387176513672,284,182,True,21.18962010041709,0.0,124.53333333333333
ebo_m12aa,m12aa,0,50,Starboard,39415,Crew Quarters,80.76438903808594,56.232147216796875,319,92,True,15.811388300841896,0.0,160.30666666666667
ebo_m12aa,m12aa,0,51,Engine,39417,Engine Room,49.46403121948242,7.279155731201172,217,244,True,15.0,0.0,74.12
ebo_m12aa,m12aa,0,52,sw_exit,39418,Exit Ramp,66.92021942138672,50.40586471557617,274,110,True,8.54400374531753,0.0,132.17333333333335
ebo_m41aa,m12aa,0,15,cargo,39412,Cargo Hold,27.819416046142578,31.098352432250977,146,170,True,13.416407864998739,0.0,145.65333333333334
ebo_m41aa,m12aa,0,16,portquarters,39415,Crew Quarters,21.674591064453125,53.28863525390625,126,101,True,72.53275122315436,0.0,152.57333333333332
ebo_m41aa,m12aa,0,17,SwoopRacer,39416,Swoop Hangar,68.72100830078125,26.414140701293945,280,185,True,50.48762224545735,0.0,155.53333333333333
ebo_m41aa,m12aa,0,18,exit,33461,Exit,66.96212768554688,45.19742202758789,274,126,True,9.055385138137417,0.0,137.16
ebo_m41aa,m12aa,0,19,SW_MAPNOTE001,39414,Cockpit,51.91319274902344,78.66156005859375,225,22,True,7.615773105863909,0.0,118.13333333333334
ebo_m41aa,m12aa,0,20,Starboard,39415,Crew Quarters,80.58174896240234,51.163124084472656,319,108,True,53.33854141237835,0.0,156.73333333333332
ebo_m41aa,m12aa,0,21,SW_MAPNOTE001,39417,Engine Room,49.466373443603516,8.40962028503418,217,241,True,13.0,0.0,70.84
ebo_m46ab,m46aa,0,4,SW_MAPNOTE001,39448,Strange Obelisks,100.22187042236328,123.70469665527344,227,74,True,2.0,0.0,255.0
end_m01aa,m01aa,3,6,SW_WAYPOINT001,34305,Bridge,34.28025817871094,155.67449951171875,406,130,True,2.0,0.0,155.46666666666667
end_m01aa,m01aa,3,7,SW_WAYPOINT001,43391,Escape Pod Access,45.01393508911133,120.18955993652344,311,156,True,3.605551275463989,0.0,47.64
end_m01aa,m01aa,3,18,SW_WAYPOINT001,39590,Quarters,14.999199867248535,21.433612823486328,48,82,True,3.0,0.0,184.64
end_m01ab,m01ab,3,6,SW_WAYPOINT001,34353,Escape Pods,82.82804870605469,42.30633544921875,55,197,True,3.605551275463989,0.0,220.04
kas_m22aa,m22aa,0,46,SW_MAPNOTE001,33404,Ebon Hawk,54.81214141845703,50.99737548828125,93,208,True,2.23606797749979,0.0,126.44
kas_m22aa,m22aa,0,47,SW_MAPNOTE001,39700,To the Great Walkway,166.22836303710938,140.8697967529297,335,26,True,3.1622776601683795,0.0,82.78666666666666
kas_m22aa,m22aa,0,48,SW_MAPNOTE001,39701,Janos' Office,167.44647216796875,78.84493255615234,337,152,True,2.23606797749979,0.0,108.89333333333333
kas_m22ab,m22ab,0,32,SW_MAPNOTE001,39721,To the Czerka Dock,52.512908935546875,270.4604797363281,85,71,True,0.0,0.56,57.06666666666667
kas_m22ab,m22ab,0,33,SW_MAPNOTE001,39722,To Rwookrrorro Village,228.7892608642578,313.888427734375,232,37,True,1.0,0.0,113.94666666666667
kas_m22ab,m22ab,0,34,SW_MAPNOTE001,39723,Supply Station,179.9756622314453,269.249267578125,191,72,True,9.219544457292887,0.04,127.69333333333333
kas_m22ab,m22ab,0,35,SW_MAPNOTE001,39724,Basket to the Shadowlands,301.5299987792969,97.50494384765625,292,208,True,0.0,0.08,129.16
kas_m23aa,m23aa,0,8,SW_MAPNOTE001,39700,To the Great Walkway,71.55304718017578,130.8577423095703,101,42,True,2.23606797749979,0.12,91.81333333333333
kas_m23aa,m23aa,0,9,SW_MAPNOTE001,39729,Chieftain's Hall,94.23194885253906,65.09625244140625,146,172,True,3.1622776601683795,0.0,128.64
kas_m23aa,m23aa,0,10,SW_MAPNOTE001,39730,Holder of the Laws,180.3916473388672,91.16300964355469,317,120,True,1.4142135623730951,0.0,107.45333333333333
kas_m23aa,m23aa,0,11,SW_MAPNOTE001,39731,Home of Woorwill,124.56574249267578,83.72774505615234,206,135,True,2.0,0.2,77.92
kas_m23ab,m23ab,0,1,SW_MAPNOTE001,33461,Exit,27.842918395996094,13.321378707885742,271,119,True,6.324555320336759,0.0,113.62666666666667
kas_m23ac,m23ac,0,3,SW_MAPNOTE001,33461,Exit,37.5661735534668,14.635536193847656,287,113,True,5.0990195135927845,0.0,119.34666666666666
kas_m23ad,m23ad,0,8,SW_MAPNOTE001,33461,Exit,43.94585418701172,20.283870697021484,292,90,True,4.123105625617661,0.0,136.16
kas_m24aa,m24aa,0,23,SW_MAPNOTE001,39782,Basket Up,68.36378479003906,148.27423095703125,106,129,True,1.0,0.0,108.32
kas_m24aa,m24aa,0,24,SW_MAPNOTE001,39783,Jolee's Hut,145.2853546142578,137.31869506835938,176,138,True,2.23606797749979,0.36,78.97333333333333
kas_m24aa,m24aa,0,25,SW_MAPNOTE001,39784,Czerka Hunting Ground,241.46461486816406,225.21331787109375,262,68,True,1.4142135623730951,0.0,82.24
kas_m24aa,m24aa,0,26,SW_MAPNOTE001,39785,Forcefield,340.63916015625,170.95767211914062,352,111,True,1.0,0.0,111.04
kas_m25aa,m25aa,0,31,SW_MAPNOTE001,39891,To Upper Shadowlands,184.7447967529297,243.26864624023438,288,35,True,1.4142135623730951,0.0,106.0
kas_m25aa,m25aa,0,32,SW_MAPNOTE001,39892,Swoop Bikes,30.198787689208984,117.07955932617188,147,140,True,5.0,0.0,82.38666666666667
kas_m25aa,m25aa,0,33,SW_MAPNOTE001,39893,Computer,78.26322937011719,19.838836669921875,191,221,True,0.0,0.0,95.8
kas_m25aa,m25aa,0,34,SW_MAPNOTE001,39894,Ritual Marker,189.0586700439453,45.553070068359375,292,200,True,1.4142135623730951,0.0,90.2
kas_m25aa,m25aa,0,35,SW_MAPNOTE001,39895,Freyyr,183.9842529296875,156.74395751953125,287,107,True,2.0,0.0,99.93333333333334
korr_m33aa,m33aa,0,39,k33a_map_dreexit,39910,To Korriban,243.565185546875,161.8721466064453,345,98,True,1.0,0.0,159.06666666666666
korr_m33aa,m33aa,0,40,k33a_map_store,34558,Czerka Store,189.095703125,184.213623046875,255,63,True,5.385164807134504,0.0,135.30666666666667
korr_m33aa,m33aa,0,41,k33a_map_cantina,34552,Cantina,245.0538787841797,179.80526733398438,347,70,True,1.4142135623730951,0.0,134.10666666666665
korr_m33aa,m33aa,0,65,k33a_map_ebon,34556,To Ebon Hawk,107.8520736694336,188.2066192626953,121,57,True,1.0,0.0,127.30666666666667
korr_m33ab,m33ab,0,14,k33b_map_dreshda,34574,To Dreshdae,8.911468505859375,2.8793044090270996,179,153,True,1.4142135623730951,0.0,123.66666666666667
korr_m33ab,m33ab,0,15,k33b_map_sithaca,34576,To Sith Academy,81.06197357177734,-4.039698600769043,323,165,True,0.0,0.0,116.58666666666667
korr_m34aa,m34aa,0,4,k34_map_valley,39926,To Valley,6.6857805252075195,150.69989013671875,112,127,True,0.0,0.0,132.98666666666668
korr_m34aa,m34aa,0,24,k34_map_renegade,43806,Renegade Sith,111.84395599365234,99.7686538696289,217,174,True,0.0,0.0,113.24
korr_m35aa,m35aa,0,1,k35_way_pcroom,34654,Bedroom,42.719974517822266,111.57577514648438,141,89,True,2.23606797749979,0.0,86.34666666666666
korr_m35aa,m35aa,0,41,k35_map_dreshdae,34574,To Dreshdae,121.71790313720703,61.00093460083008,250,154,True,1.0,0.0,114.77333333333333
korr_m35aa,m35aa,0,51,k35_map_valley,39926,To Valley,121.72428894042969,157.42324829101562,251,30,True,1.4142135623730951,0.0,98.42666666666666
korr_m35aa,m35aa,0,52,k35_map_duelling,39942,Dueling Room,188.09503173828125,51.990299224853516,342,166,True,2.0,0.0,109.36
korr_m35aa,m35aa,0,53,k35_map_torture,39946,Interrogation Room,184.9819793701172,91.75056457519531,338,115,True,3.0,0.2,101.56
korr_m36aa,m36aa,0,11,k36_way_lashowe,47880,Meeting Place,89.10722351074219,252.16506958007812,228,26,True,2.8284271247461903,0.0,130.14666666666668
korr_m36aa,m36aa,0,30,k36_map_sithacad,34576,To Sith Academy,38.51292419433594,0.5253753662109375,183,239,True,0.0,0.0,135.18666666666667
korr_m36aa,m36aa,0,31,k36_map_caves,34676,To Caves,58.563133239746094,63.22877502441406,201,186,True,3.0,0.0,64.48
korr_m36aa,m36aa,0,32,k36_map_final,39988,To Naga Sadow's Tomb,32.171669006347656,253.07276916503906,178,25,True,2.0,0.0,116.98666666666666
korr_m36aa,m36aa,0,33,k36_map_second,39990,To Marka Ragnos' Tomb,27.45058822631836,180.17210388183594,174,87,True,1.0,0.0,119.26666666666667
korr_m36aa,m36aa,0,34,k36_map_third,39991,To Tulak Hord's Tomb,117.24409484863281,247.88999938964844,252,30,True,1.4142135623730951,0.0,118.04
korr_m36aa,m36aa,0,35,k36_map_firsttom,39989,To Ajunta Pall's Tomb,131.84988403320312,177.10614013671875,265,90,True,1.0,0.0,120.26666666666667
korr_m37aa,m37aa,0,9,k37_map_valley,39926,To Valley,8.6236572265625,17.50102996826172,79,136,True,1.0,0.0,104.52
korr_m37aa,m37aa,0,12,k37_map_sarc,40008,Sith Sarcophagus,146.0313720703125,23.425493240356445,380,123,True,14.7648230602334,0.0,120.6
korr_m38aa,m38ab,0,5,k38a_map_valley,39926,To Valley,13.298141479492188,74.55548095703125,48,123,True,0.0,0.0,114.18666666666667
korr_m38aa,m38ab,0,9,k38a_map_sarcoph,40008,Sith Sarcophagus,149.85777282714844,74.60921478271484,379,123,True,8.0,0.0,98.17333333333333
korr_m38ab,m38aa,0,13,k38b_map_valley,39926,To Valley,8.890373229980469,54.56492233276367,44,112,True,2.0,0.0,107.24
korr_m38ab,m38aa,0,16,k38b_map_sarc,40008,Sith Sarcophagus,147.75192260742188,74.41282653808594,385,65,True,5.830951894845301,0.0,139.93333333333334
korr_m39aa,m39aa,3,13,k39_map_valley,39926,To Valley,8.527145385742188,107.0923843383789,219,30,True,0.0,0.0,118.45333333333333
korr_m39aa,m39aa,3,19,k39_map_starmap,40066,Star Map,129.76123046875,107.42012023925781,219,222,True,1.0,0.0,163.44
lev_m40aa,m40aa,0,37,SW_MAPNOTE001,40105,Elevator,186.6409454345703,78.54325866699219,394,132,True,1.4142135623730951,0.0,124.33333333333333
lev_m40aa,m40aa,0,81,lev40_mnbarracks2,40879,Barracks,103.96298217773438,28.08721160888672,229,219,True,2.0,0.0,114.26666666666667
lev_m40aa,m40aa,0,82,lev40_mncell2,44173,Cell Block,131.54971313476562,44.05367660522461,284,191,True,6.0,0.0,124.22666666666667
lev_m40aa,m40aa,0,83,lev40_mndroid,44174,Droid Maintenance,63.47221374511719,94.08694458007812,149,105,True,3.1622776601683795,0.0,123.34666666666666
lev_m40aa,m40aa,0,84,lev40_mnmedical,44175,Medical,65.11534118652344,61.88725662231445,152,161,True,2.23606797749979,0.0,119.64
lev_m40aa,m40aa,0,85,lev40_mndetention,44176,Detention,27.482141494750977,57.58378601074219,77,168,True,5.0,0.0,113.17333333333333
lev_m40ab,m40ab,0,19,SW_MAPNOTE001,40105,Elevator,12.511911392211914,54.4334716796875,46,130,True,2.23606797749979,0.0,111.66666666666667
lev_m40ab,m40ab,0,20,lev40_mndroid,40102,Droid Bay,53.391292572021484,33.18396759033203,157,184,True,6.4031242374328485,0.0,101.09333333333333
lev_m40ab,m40ab,0,21,lev40_mnarmory,40113,Armory,89.20154571533203,37.648536682128906,254,173,True,15.231546211727817,0.0,123.36
lev_m40ab,m40ab,0,22,SW_MAPNOTE001,40114,To Bridge,138.9091033935547,54.641754150390625,389,129,True,5.0,0.0,117.73333333333333
lev_m40ab,m40ab,0,23,SW_MAPNOTE001,40115,To Bridge Storage,122.34418487548828,72.71479034423828,344,83,True,2.8284271247461903,0.0,121.12
lev_m40ab,m40ab,0,52,lev40_mnbarracks1,40879,Barracks,55.903602600097656,74.73410034179688,164,78,True,4.47213595499958,0.0,121.0
lev_m40ab,m40ab,0,53,lev40_mnbarracks2,40879,Barracks,62.89273452758789,53.16140365600586,183,133,True,1.4142135623730951,0.0,118.28
lev_m40ab,m40ab,0,54,lev40_mnbarracks3,40879,Barracks,121.00218963623047,35.147705078125,341,179,True,1.0,0.0,116.33333333333333
lev_m40ab,m40ab,0,55,lev40_mnelevator1,44300,Elevator Corridor,35.266536712646484,91.21522521972656,108,36,True,8.0,0.0,126.89333333333333
lev_m40ab,m40ab,0,56,lev40_mnelevator2,44300,Elevator Corridor,35.1540412902832,18.462326049804688,107,222,True,9.055385138137417,0.0,114.12
lev_m40ab,m40ab,0,57,lev40_mncentral1,44301,Central Corridor,75.14418029785156,90.45687866210938,216,38,True,11.045361017187261,0.0,108.05333333333333
lev_m40ab,m40ab,0,58,lev40_mncentral2,44301,Central Corridor,75.3343505859375,19.09505271911621,217,220,True,10.0,0.0,140.57333333333332
lev_m40ab,m40ab,0,59,lev40_mnbridge,44302,Bridge Corridor,114.81119537353516,54.71704864501953,324,129,True,6.082762530298219,0.0,116.10666666666667
lev_m40ac,m40ac,0,16,SW_MAPNOTE001,40105,Elevator,12.570417404174805,154.49972534179688,50,52,True,1.0,0.0,133.08
lev_m40ac,m40ac,0,17,SW_MAPNOTE001,40126,Hangar Control,124.93940734863281,152.28724670410156,200,55,True,0.0,0.0,119.32
lev_m40ac,m40ac,0,18,SW_MAPNOTE001,40127,To Hangar,258.6145935058594,154.8144073486328,377,52,True,4.242640687119285,0.0,125.78666666666666
lev_m40ad,m40ad,0,6,SW_MAPNOTE001,40131,To Command Deck,123.1427230834961,77.15397644042969,53,98,True,2.0,0.0,94.89333333333333
lev_m40ad,m40ad,0,7,SW_MAPNOTE001,35404,Airlock,122.30054473876953,96.24142456054688,51,62,True,1.0,0.0,119.82666666666667
lev_m40ad,m40ad,0,8,SW_MAPNOTE001,35404,Airlock,184.52398681640625,74.19973754882812,181,104,True,3.0,0.0,109.30666666666667
lev_m40ad,m40ad,0,9,SW_MAPNOTE001,40131,To Command Deck,153.5872802734375,54.73300552368164,117,141,True,3.1622776601683795,0.0,107.44
lev_m40ad,m40ad,0,10,SW_MAPNOTE001,34305,Bridge,267.5608825683594,54.717132568359375,355,141,True,5.830951894845301,0.0,109.89333333333333
liv_m99aa,m50aa,3,21,yav50_map,48569,To Ebon Hawk,7.101914882659912,-2.7823305130004883,60,131,True,1.0,0.0,65.32
manm26aa,m26aa,3,15,SW_WAYPOINT001,35012,Ahto High Court,49.737205505371094,-4.620860576629639,190,210,True,2.0,0.0,158.94666666666666
manm26aa,m26aa,3,16,SW_WAYPOINT001,35013,Mercenary Enclave,-24.18143653869629,29.148515701293945,279,29,True,5.0,0.0,152.77333333333334
manm26aa,m26aa,3,17,SW_WAYPOINT001,35014,To Ahto City Central,1.7951176166534424,43.59737777709961,318,92,True,0.0,0.0,191.88
manm26aa,m26aa,3,38,SW_MAPNOTE001,43297,Holding Cell,28.18637466430664,17.570737838745117,249,157,True,8.06225774829855,0.0,211.53333333333333
manm26ab,m26ab,2,11,SW_WAYPOINT001,35033,Swoop Track Registration,-81.74132537841797,34.887786865234375,225,231,True,3.0,0.0,151.38666666666666
manm26ab,m26ab,2,12,SW_WAYPOINT001,33405,General Shop,2.949697494506836,20.85760498046875,249,88,True,2.23606797749979,0.0,116.94666666666667
manm26ab,m26ab,2,13,SW_WAYPOINT001,35034,Sith Base,44.994117736816406,14.52622127532959,260,17,True,1.0,0.0,135.97333333333333
manm26ab,m26ab,2,14,SW_WAYPOINT001,35035,To Ahto City East Central,-51.343971252441406,77.97251892089844,150,179,True,1.4142135623730951,0.0,167.01333333333332
manm26ac,m26ac,0,23,SW_WAYPOINT001,35054,To Docking Bay,-58.66087341308594,163.2440643310547,210,17,True,1.0,0.0,179.24
manm26ac,m26ac,0,24,SW_WAYPOINT001,35055,Port Official,-38.2010498046875,65.803466796875,237,141,True,3.0,0.0,147.76
manm26ac,m26ac,0,25,SW_WAYPOINT001,35056,To Ahto West,-105.88410949707031,25.29544448852539,148,193,True,1.0,0.0,151.6
manm26ac,m26ac,0,26,SW_WAYPOINT001,35035,To Ahto City East Central,-7.043693542480469,-1.6135621070861816,278,227,True,1.4142135623730951,0.0,166.56
manm26ad,m26ad,1,51,SW_MAPNOTE001,33404,Ebon Hawk,253.69683837890625,177.67965698242188,278,141,True,7.0,0.0,122.30666666666667
manm26ad,m26ad,1,52,SW_MAPNOTE001,45134,Sith Hangar,337.5826416015625,185.6248779296875,186,150,True,3.0,0.0,112.57333333333334
manm26ad,m26ad,1,53,SW_MAPNOTE001,45135,Private Hangar,422.2376403808594,172.18551635742188,94,135,True,11.40175425099138,0.0,127.50666666666666
manm26ad,m26ad,1,54,SW_MAPNOTE001,19297,Manaan - West Central,340.1349792480469,208.68331909179688,184,175,True,1.0,0.0,135.13333333333333
manm26ae,m26ae,0,69,SW_MAPNOTE001,40212,To West Central Courtyard,10.083446502685547,-1.1422358751296997,137,220,True,2.23606797749979,0.0,187.50666666666666
manm26ae,m26ae,0,70,SW_MAPNOTE001,40213,Tyvark's Shop,13.157756805419922,19.081623077392578,142,189,True,2.8284271247461903,0.0,200.78666666666666
manm26ae,m26ae,0,71,SW_MAPNOTE001,40214,To East Courtyard,107.23102569580078,25.758583068847656,295,179,True,2.0,0.0,134.85333333333332
manm26ae,m26ae,0,72,SW_MAPNOTE001,35175,Visitor's Hotel,12.69571304321289,63.881256103515625,141,121,True,7.0710678118654755,0.0,179.13333333333333
manm26ae,m26ae,0,73,SW_MAPNOTE001,40215,Republic Enclave,79.43718719482422,72.11074829101562,250,108,True,4.0,0.0,179.8
manm27aa,m27aa,2,26,SW_MAPNOTE001,40265,Elevator to Ahto City,102.98587799072266,35.733489990234375,204,208,True,2.0,0.0,129.17333333333335
manm27aa,m27aa,2,27,SW_MAPNOTE001,40266,Security Checkpoint,113.5976333618164,35.59273147583008,204,194,True,1.0,0.0,142.53333333333333
manm27aa,m27aa,2,28,SW_MAPNOTE001,40267,Flow Control,149.1910858154297,-27.365699768066406,291,147,True,6.4031242374328485,0.0,180.88
manm27aa,m27aa,2,29,SW_MAPNOTE001,40268,North Computer Room,208.3819580078125,108.51002502441406,102,69,True,1.4142135623730951,0.0,132.26666666666668
manm27aa,m27aa,2,30,SW_MAPNOTE001,40269,Training Annex,227.13357543945312,19.28418731689453,226,44,True,7.0,0.0,159.12
manm27aa,m27aa,2,31,SW_MAPNOTE001,40270,Secondary Entrance,124.9254150390625,1.8204269409179688,251,179,True,2.23606797749979,0.0,154.12
manm27aa,m27aa,2,32,SW_MAPNOTE001,40271,Droid Repair,129.9429931640625,65.67850494384766,162,173,True,1.4142135623730951,0.0,163.18666666666667
manm28aa,m28aa,0,28,SW_WAYPOINT001,35404,Airlock,135.7627716064453,71.099365234375,209,214,True,3.0,0.0,169.17333333333335
manm28aa,m28aa,0,29,SW_WAYPOINT001,35404,Airlock,83.88426208496094,68.87198638916016,142,217,True,3.1622776601683795,0.0,147.90666666666667
manm28aa,m28aa,0,30,SW_WAYPOINT001,35405,Envirosuit Storage,102.01383209228516,108.97241973876953,166,167,True,4.47213595499958,0.0,122.97333333333333
manm28aa,m28aa,0,31,SW_WAYPOINT001,35404,Airlock,212.4207763671875,81.29912567138672,308,201,True,1.0,0.0,133.54666666666665
manm28aa,m28aa,0,37,SW_MAPNOTE001,35179,Submersible,131.4268035888672,202.1234130859375,204,51,True,6.0,0.0,124.30666666666667
manm28aa,m28aa,0,46,cs,45799,Central Storage Room,128.1935577392578,104.3244400024414,200,173,True,2.0,0.0,153.49333333333334
manm28aa,m28aa,0,47,ws,45820,West Storage Room,86.03435516357422,112.36953735351562,145,163,True,2.23606797749979,0.0,164.16
manm28aa,m28aa,0,48,ehb,45803,East Hallway B,188.42001342773438,134.3775177001953,277,135,True,1.0,0.0,200.50666666666666
manm28aa,m28aa,0,49,sh,45814,South Hallway,142.26699829101562,86.96490478515625,218,194,True,0.0,0.0,160.6
manm28aa,m28aa,0,50,sc,45811,Security Room,102.17594909667969,125.46969604492188,166,146,True,3.605551275463989,0.0,163.81333333333333
manm28aa,m28aa,0,51,en,45805,Environment Suit Containment,101.86256408691406,109.53179168701172,166,166,True,5.0,0.0,123.45333333333333
manm28aa,m28aa,0,52,sco,41774,Security Computer,210.80435180664062,174.73333740234375,306,85,True,1.0,0.0,154.93333333333334
manm28aa,m28aa,0,61,SW_WAYPOINT001,35403,Security Control,210.9515380859375,175.02389526367188,307,85,True,0.0,0.0,172.10666666666665
manm28ab,m28ab,0,16,SW_WAYPOINT001,35408,To Hrakert Station,127.49036407470703,98.83890533447266,174,45,True,2.23606797749979,0.0,116.02666666666667
manm28ab,m28ab,0,17,SW_WAYPOINT001,35408,To Hrakert Station,177.1248779296875,98.71406555175781,240,45,True,1.4142135623730951,0.0,119.42666666666666
manm28ab,m28ab,0,18,SW_WAYPOINT001,35404,Airlock,254.48951721191406,60.03526306152344,345,94,True,9.848857801796104,0.0,134.30666666666667
manm28ab,m28ab,0,19,SW_WAYPOINT001,35404,Airlock,267.9442138671875,20.115461349487305,363,144,True,5.0,0.0,142.61333333333334
manm28ac,m28ac,1,3,SW_WAYPOINT001,35404,Airlock,216.14541625976562,76.0418472290039,258,45,True,3.0,0.0,159.24
manm28ac,m28ac,1,4,SW_WAYPOINT001,35421,To Sea Floor,259.3677062988281,109.86752319335938,165,113,True,4.242640687119285,0.0,129.13333333333333
manm28ac,m28ac,1,5,SW_WAYPOINT001,35421,To Sea Floor,233.43914794921875,145.9774627685547,221,186,True,5.0990195135927845,0.0,137.54666666666665
manm28ad,m28ad,0,3,SW_WAYPOINT001,35425,To Kolto Control,82.10855102539062,94.54375457763672,139,169,True,1.0,0.32,16.426666666666666
manm28ad,m28ad,0,4,SW_WAYPOINT001,35408,To Hrakert Station,73.88444519042969,119.85623931884766,128,142,True,1.0,0.0,120.25333333333333
manm28ad,m28ad,0,5,SW_WAYPOINT001,33475,Star Map,195.1015625,106.972412109375,300,156,True,0.0,0.0,154.09333333333333
manm28ad,m28ad,0,6,SW_WAYPOINT001,35426,Kolto Control Panel,126.16223907470703,107.8200912475586,202,155,True,6.324555320336759,0.0,132.26666666666668
sta_m45aa,m45aa,0,11,k45a_map_elevato,35471,To Elevator,98.09510040283203,151.2667999267578,264,67,True,2.8284271247461903,0.0,127.21333333333334
sta_m45aa,m45aa,0,22,k45a_map_east,40316,To East Exit,152.89036560058594,-80.14649200439453,308,238,True,0.0,0.32,71.85333333333334
sta_m45aa,m45aa,0,23,k45a_map_west,40318,To West Exit,-15.942014694213867,-79.84397888183594,173,238,True,0.0,0.28,60.946666666666665
sta_m45aa,m45aa,0,24,k45_map_ebonhawk,34556,To Ebon Hawk,65.30889892578125,177.2470703125,238,48,True,2.23606797749979,0.0,116.72
sta_m45ab,m45ab,0,3,k45b_map_elevato,35471,To Elevator,-1.5026397705078125,-192.7672119140625,100,188,True,1.0,0.16,50.64
sta_m45ab,m45ab,0,6,k45b_map_east,40316,To East Exit,152.88818359375,-110.40139770507812,359,53,True,1.0,0.0,179.93333333333334
sta_m45ab,m45ab,0,7,k45b_map_west,40318,To West Exit,-16.06100082397461,-110.03907775878906,76,52,True,0.0,0.0,178.61333333333334
sta_m45ab,m45ab,0,25,SW_MAPNOTE001,47876,Computer Room,142.5182342529297,-178.62030029296875,342,164,True,6.324555320336759,0.0,164.42666666666668
sta_m45ac,m45ac,3,9,k45c_map_west,35473,To West Elevator,-1.49249267578125,-193.3317413330078,99,61,True,0.0,0.0,113.24
sta_m45ac,m45ac,3,10,k45c_map_east,35469,To East Elevator,116.84988403320312,1.166900634765625,298,181,True,1.4142135623730951,0.04,126.45333333333333
sta_m45ad,m45ad,0,3,k45d_map_command,35596,To Command Center,202.18966674804688,308.1371765136719,222,59,True,1.0,0.0,119.2
sta_m45ad,m45ad,0,4,k45d_map_elevato,35471,To Elevator,238.39195251464844,293.66552734375,300,88,True,3.605551275463989,0.04,139.89333333333335
tar_m02aa,m02aa,0,19,SW_MAPNOTE001,40479,To Your Apartment,91.97978210449219,134.415771484375,178,50,True,3.605551275463989,0.0,140.04
tar_m02aa,m02aa,0,20,SW_MAPNOTE001,40480,To Upper City,112.608154296875,83.34283447265625,244,206,True,2.0,0.0,140.02666666666667
tar_m02aa,m02aa,0,21,SW_MAPNOTE001,40481,Dia's Apartment,76.24003601074219,111.86215209960938,127,119,True,12.36931687685298,0.0,140.85333333333332
tar_m02ab,m02ab,0,33,SW_MAPNOTE001,40495,Droids by Janice,112.4418716430664,67.59554290771484,164,204,True,6.0,0.0,137.90666666666667
tar_m02ab,m02ab,0,34,SW_MAPNOTE001,40496,To Lower City,121.8797378540039,130.89694213867188,176,126,True,2.23606797749979,0.0,89.6
tar_m02ab,m02ab,0,35,SW_MAPNOTE001,40497,To Sith Base,112.57491302490234,220.19093322753906,164,17,True,5.0,0.0,119.48
tar_m02ab,m02ab,0,36,SW_MAPNOTE001,40498,To Apartments,221.4170684814453,139.31187438964844,310,116,True,0.0,0.0,87.96
tar_m02ab,m02ab,0,37,SW_MAPNOTE001,40499,To Upper City South,222.34974670410156,63.96607208251953,311,208,True,1.0,0.0,120.73333333333333
tar_m02ab,m02ab,0,38,tar_party,40500,To Sith Party,221.19659423828125,141.36952209472656,310,113,True,2.0,0.0,84.94666666666667
tar_m02ac,m02ac,0,39,SW_MAPNOTE001,40480,To Upper City,186.9849395751953,112.30909729003906,251,87,True,1.4142135623730951,0.0,126.04
tar_m02ac,m02ac,0,40,SW_MAPNOTE001,40504,Clinic,187.7262725830078,75.578369140625,252,132,True,5.0,0.0,146.64
tar_m02ac,m02ac,0,41,SW_MAPNOTE001,40505,Equipment Emporium,76.24351501464844,67.38311767578125,109,142,True,5.0990195135927845,0.0,117.62666666666667
tar_m02ac,m02ac,0,42,SW_MAPNOTE001,40506,To Upper City Cantina,90.117431640625,28.042831420898438,126,190,True,2.23606797749979,0.0,102.42666666666666
tar_m02ac,m02ac,0,50,SW_MAPNOTE001,40498,To Apartments,90.13796997070312,121.79166412353516,126,75,True,0.0,0.0,117.69333333333333
tar_m02ad,m02ad,0,20,SW_MAPNOTE001,40480,To Upper City,112.23136901855469,84.37623596191406,213,204,True,1.4142135623730951,0.0,131.46666666666667
tar_m02ad,m02ad,0,21,SW_MAPNOTE001,40514,Largo's Apartment,137.34815979003906,87.22875213623047,292,195,True,1.4142135623730951,0.0,116.24
tar_m02ad,m02ad,0,26,tar02_mnyuns,40515,Yun's Apartment,135.8332061767578,135.2713165283203,288,52,True,7.0710678118654755,0.0,113.89333333333333
tar_m02ad,m02ad,0,27,tar02_mnsarnas,40516,Sarna's Apartment,80.20565795898438,112.16649627685547,112,121,True,8.06225774829855,0.0,109.13333333333334
tar_m02ae,m02ae,0,27,SW_MAPNOTE001,40480,To Upper City,139.14633178710938,109.57791137695312,197,125,True,1.4142135623730951,0.0,147.94666666666666
tar_m02ae,m02ae,0,29,SW_MAPNOTE001,40531,Dueling Arena,207.6271514892578,99.7616958618164,393,151,True,5.0990195135927845,0.0,157.50666666666666
tar_m02ae,m02ae,0,40,SW_MAPNOTE001,45989,Duel Organizer,109.89823150634766,92.3658676147461,114,170,True,2.23606797749979,0.0,145.77333333333334
tar_m02af,m02af,0,8,SW_MAPNOTE001,40564,To Apartment Complex,89.35391235351562,135.57742309570312,240,159,True,9.486832980505138,0.0,159.33333333333334
tar_m03aa,m03aa,0,16,SW_MAPNOTE001,40570,To Black Vulkar Base,458.987060546875,148.93875122070312,366,156,True,1.0,0.0,134.54666666666665
tar_m03aa,m03aa,0,17,SW_MAPNOTE001,40480,To Upper City,403.21875,137.22410583496094,305,167,True,1.0,0.0,119.90666666666667
tar_m03aa,m03aa,0,18,SW_MAPNOTE001,40498,To Apartments,403.03460693359375,161.6188507080078,305,143,True,0.0,0.0,164.54666666666665
tar_m03aa,m03aa,0,19,SW_MAPNOTE001,40571,To Javyar's Cantina,352.1463623046875,173.16806030273438,250,132,True,2.0,0.08,145.72
tar_m03aa,m03aa,0,20,SW_MAPNOTE001,40572,To Hidden Bek Base,357.5002136230469,196.97254943847656,256,109,True,1.0,0.0,133.57333333333332
tar_m03aa,m03aa,0,21,SW_MAPNOTE001,40498,To Apartments,306.9795227050781,210.32118225097656,201,96,True,1.0,0.0,110.6
tar_m03aa,m03aa,0,22,SW_MAPNOTE001,40573,To Undercity,194.2425994873047,220.53775024414062,79,86,True,1.4142135623730951,0.6,76.05333333333333
tar_m03ab,m03ab,0,21,SW_MAPNOTE001,40496,To Lower City,112.46792602539062,83.52394104003906,221,203,True,2.23606797749979,0.0,111.68
tar_m03ab,m03ab,0,22,SW_MAPNOTE001,40616,Selven's Apartment,135.84048461914062,135.50796508789062,293,52,True,8.0,0.0,103.72
tar_m03ad,m03ad,0,26,SW_MAPNOTE001,40496,To Lower City,112.65486907958984,83.66441345214844,225,203,True,0.0,0.0,117.76
tar_m03ad,m03ad,0,27,SW_MAPNOTE001,40632,Matrik's Apartment,136.94651794433594,88.3725814819336,299,190,True,2.0,0.0,111.09333333333333
tar_m03ae,m03ae,0,11,SW_MAPNOTE001,40496,To Lower City,139.23519897460938,109.62935638427734,298,116,True,1.0,0.0,110.32
tar_m03ae,m03ae,0,12,SW_MAPNOTE001,40752,Bounty Office,109.81934356689453,85.5862808227539,198,195,True,15.620499351813308,0.0,123.92
tar_m03af,m03af,0,15,SW_MAPNOTE001,40766,Race Announcer,223.5872344970703,219.7509307861328,210,120,True,2.23606797749979,0.0,147.30666666666667
tar_m04aa,m04aa,0,54,SW_MAPNOTE001,40496,To Lower City,183.91542053222656,166.90509033203125,156,143,True,0.0,0.0,97.88
tar_m04aa,m04aa,0,55,SW_MAPNOTE001,40802,Village Gate,249.85211181640625,202.24794006347656,232,104,True,2.23606797749979,0.0,130.42666666666668
tar_m04aa,m04aa,0,56,SW_MAPNOTE001,40803,Escape Pod,322.3500061035156,248.81881713867188,315,54,True,7.0710678118654755,0.0,132.78666666666666
tar_m04aa,m04aa,0,57,SW_MAPNOTE001,40804,To Sewers,239.24842834472656,257.8319396972656,220,44,True,3.0,0.0,114.4
tar_m04aa,m04aa,0,58,SW_MAPNOTE001,40804,To Sewers,285.86944580078125,115.89387512207031,273,198,True,1.0,0.12,42.653333333333336
tar_m04aa,m04aa,0,83,SW_MAPNOTE001,46018,Rukil's Tent,207.0143585205078,146.4198455810547,183,165,True,1.0,0.0,100.36
tar_m04aa,m04aa,0,84,SW_MAPNOTE001,46019,Gendar's Tent,208.83160400390625,137.50405883789062,185,175,True,1.0,0.0,120.97333333333333
tar_m04aa,m04aa,0,85,SW_MAPNOTE001,46020,Igear's Bazaar,229.53329467773438,181.2271270751953,209,127,True,1.0,0.0,119.81333333333333
tar_m05aa,m05aa,2,11,SW_MAPNOTE001,40812,Gamorrean Compound,240.92431640625,176.3727569580078,192,124,True,4.0,0.0,89.70666666666666
tar_m05aa,m05aa,2,12,SW_MAPNOTE001,40813,Force Field,280.0925598144531,131.97589111328125,248,74,True,2.23606797749979,0.0,137.85333333333332
tar_m05aa,m05aa,2,25,mn_undercity,40573,To Undercity,294.2607421875,185.55618286132812,180,56,True,1.0,0.0,161.24
tar_m05aa,m05aa,2,26,mn_undercity,40573,To Undercity,290.6107482910156,94.48347473144531,295,61,True,2.0,0.0,160.34666666666666
tar_m05ab,m05ab,0,18,SW_MAPNOTE001,40815,To Lower Sewers,70.24174499511719,369.6318359375,59,104,True,3.1622776601683795,0.0,151.34666666666666
tar_m05ab,m05ab,0,19,SW_MAPNOTE001,40570,To Black Vulkar Base,286.4991760253906,310.1815185546875,399,192,True,1.0,0.0,139.57333333333332
tar_m08aa,m08aa,0,38,mapnote,40819,Throne Room,59.295127868652344,104.26881408691406,183,91,True,4.242640687119285,0.0,130.86666666666667
tar_m08aa,m08aa,0,39,SW_MAPNOTE001,40820,Hangar,61.84373092651367,48.611610412597656,188,187,True,1.0,0.0,63.10666666666667
tar_m08aa,m08aa,0,56,tar08_mnbarracks1,40879,Barracks,28.48628044128418,86.37447357177734,127,122,True,8.602325267042627,0.0,137.69333333333333
tar_m08aa,m08aa,0,57,tar08_mnbarracks2,40879,Barracks,26.5595760345459,121.11943054199219,124,63,True,3.0,0.0,146.94666666666666
tar_m08aa,m08aa,0,58,tar08_mnbarracks3,40879,Barracks,67.3983383178711,131.27227783203125,198,45,True,2.8284271247461903,0.0,138.14666666666668
tar_m08aa,m08aa,0,59,tar08_mnbarracks4,40879,Barracks,86.31151580810547,135.1076202392578,233,39,True,3.0,0.0,153.81333333333333
tar_m08aa,m08aa,0,60,tar08_mnlab,46151,Spice Lab,17.725292205810547,105.31389617919922,108,90,True,2.0,0.08,138.61333333333334
tar_m08aa,m08aa,0,62,tar08_mntorture,46152,"""Guest"" Room",48.40494155883789,145.69183349609375,164,21,True,4.47213595499958,0.0,124.37333333333333
tar_m09aa,m09aa,0,11,SW_MAPNOTE001,40480,To Upper City,0.7283385396003723,-21.076152801513672,248,229,True,8.0,0.0,97.58666666666667
tar_m09aa,m09aa,0,12,tar09_mncontrol,46381,Control Center,-50.25029373168945,17.608701705932617,81,107,True,5.0990195135927845,0.0,117.13333333333334
tar_m09aa,m09aa,0,15,tar09_mnbarracks1,40879,Barracks,-24.593172073364258,10.781734466552734,165,129,True,12.041594578792296,0.0,148.42666666666668
tar_m09aa,m09aa,0,16,tar09_mnarmory,40113,Armory,-33.848670959472656,-11.678845405578613,135,200,True,12.529964086141668,0.0,133.65333333333334
tar_m09aa,m09aa,0,17,tar09_mnreception,46382,Reception,0.7709144949913025,-12.569772720336914,248,202,True,4.0,0.0,110.86666666666666
tar_m09aa,m09aa,0,18,tar09_mnmedical,44175,Medical,-8.900030136108398,9.404831886291504,217,133,True,10.63014581273465,0.0,143.4
tar_m09aa,m09aa,0,19,tar09_mnbarracks2,40879,Barracks,26.86073112487793,11.322446823120117,334,127,True,8.48528137423857,0.0,157.24
tar_m09aa,m09aa,0,20,tar09_mnelevator,40105,Elevator,36.680110931396484,-8.247711181640625,366,189,True,2.0,0.0,126.45333333333333
tar_m09ab,m09ab,0,0,SW_MAPNOTE001,40497,To Sith Base,66.56257629394531,-10.753230094909668,200,202,True,9.0,0.0,108.61333333333333
tar_m10aa,m10aa,0,30,SW_MAPNOTE001,40804,To Sewers,196.09495544433594,142.45755004882812,334,21,True,1.0,0.0,184.2
tar_m10aa,m10aa,0,31,SW_MAPNOTE001,40496,To Lower City,153.35543823242188,69.28993225097656,228,189,True,7.0,0.0,176.46666666666667
tar_m10aa,m10aa,0,32,SW_MAPNOTE001,40877,To Garage,137.74363708496094,138.3551788330078,189,30,True,4.0,0.0,138.46666666666667
tar_m10aa,m10aa,0,33,SW_MAPNOTE001,40878,Garage Security,157.82302856445312,134.67352294921875,239,39,True,6.0,0.0,170.68
tar_m10aa,m10aa,0,39,tar10_mnarmory,40113,Armory,153.173095703125,89.86682891845703,227,142,True,11.045361017187261,0.0,158.42666666666668
tar_m10aa,m10aa,0,40,tar10_mnbarracks,40879,Barracks,105.17666625976562,94.15536499023438,108,132,True,2.23606797749979,0.0,163.70666666666668
tar_m10aa,m10aa,0,41,tar10_mnpool,46432,Pool,102.74561309814453,128.88943481445312,102,52,True,1.0,0.0,189.50666666666666
tar_m10aa,m10aa,0,42,tar10_mnrecroom,46433,Rec Room,185.31231689453125,99.66073608398438,307,119,True,2.23606797749979,0.0,170.89333333333335
tar_m10aa,m10aa,0,43,tar10_mncontrol,46434,Control Room,130.86984252929688,84.79124450683594,172,153,True,9.433981132056603,0.0,165.48
tar_m10aa,m10aa,0,44,tar10_mnelevator,46435,Garage Elevator,145.1177215576172,134.68955993652344,208,39,True,19.4164878389476,0.0,196.52
tar_m10ac,m10ac,0,24,SW_MAPNOTE001,40895,To Main Base,65.44609069824219,94.5281982421875,185,63,True,1.0,0.0,201.16
tar_m10ac,m10ac,0,43,tar10_mngarage,46479,Garage,82.56890106201172,83.15066528320312,239,97,True,4.242640687119285,0.0,154.85333333333332
tar_m10ac,m10ac,0,44,tar10_mnloading,46480,Loading Bay,111.21269989013672,81.17756652832031,328,103,True,22.02271554554524,0.0,205.37333333333333
tar_m10ac,m10ac,0,45,tar10_mnlab,46481,Engine Lab,105.97854614257812,58.39745330810547,312,171,True,9.433981132056603,0.0,165.76
tar_m10ac,m10ac,0,46,tar10_mnoffice,46482,Office,48.98029708862305,103.97456359863281,133,35,True,11.0,0.0,185.46666666666667
tar_m11aa,m11aa,0,23,SW_MAPNOTE001,40496,To Lower City,70.76203918457031,29.588823318481445,212,220,True,1.0,0.0,122.94666666666667
tar_m11aa,m11aa,0,26,tar11_mnhall,46552,Main Hall,71.03390502929688,64.0273666381836,213,139,True,4.0,0.0,150.48
tar_m11aa,m11aa,0,27,tar11_mnbar,46553,Bar,31.560394287109375,78.6446762084961,117,105,True,7.0710678118654755,0.0,150.02666666666667
tar_m11aa,m11aa,0,28,tar11_mnbarracks,40879,Barracks,47.787559509277344,100.37504577636719,156,53,True,12.529964086141668,0.0,181.37333333333333
tar_m11aa,m11aa,0,29,tar11_mnelevator,40105,Elevator,70.42192077636719,103.84761047363281,211,45,True,3.0,0.0,145.78666666666666
tar_m11ab,m11ab,0,1,SW_MAPNOTE001,40895,To Main Base,23.102399826049805,28.98965835571289,215,86,True,4.0,0.0,115.22666666666667
tat_m17aa,m17aa,0,41,SW_MAPNOTE001,41005,Spaceport,94.1650619506836,146.87094116210938,106,50,True,2.23606797749979,0.0,135.45333333333335
tat_m17aa,m17aa,0,42,SW_MAPNOTE001,41006,Hunting Lodge,124.8823013305664,128.98854064941406,156,78,True,2.0,0.0,130.61333333333334
tat_m17aa,m17aa,0,43,SW_MAPNOTE001,41007,Czerka Office,131.15599060058594,106.94819641113281,166,112,True,2.23606797749979,0.16,106.26666666666667
tat_m17aa,m17aa,0,44,SW_MAPNOTE001,41008,Swoop Registration,142.23147583007812,66.73956298828125,184,176,True,2.23606797749979,0.0,123.01333333333334
tat_m17aa,m17aa,0,45,SW_MAPNOTE001,34552,Cantina,209.6690216064453,66.31884002685547,294,176,True,1.0,0.0,113.8
tat_m17aa,m17aa,0,46,SW_MAPNOTE001,33406,Droid Shop,226.98878479003906,141.56253051757812,323,58,True,2.23606797749979,0.0,137.66666666666666
tat_m17aa,m17aa,0,47,SW_MAPNOTE001,41009,To the Dune Sea,265.40155029296875,119.21162414550781,386,93,True,2.8284271247461903,1.0,2.76
tat_m17ab,m17ab,0,15,SW_MAPNOTE001,33404,Ebon Hawk,-3.0736701488494873,-11.082098007202148,201,129,True,6.082762530298219,0.0,119.96
tat_m17ab,m17ab,0,16,SW_MAPNOTE001,33461,Exit,7.468040466308594,-42.78533172607422,240,238,True,5.830951894845301,0.0,79.58666666666667
tat_m17ac,m17ac,0,1,SW_MAPNOTE001,33461,Exit,6.876740455627441,4.333421230316162,279,85,True,8.0,0.0,94.42666666666666
tat_m17ad,m17ad,0,2,SW_MAPNOTE001,33461,Exit,6.538286209106445,4.536559104919434,275,84,True,7.0710678118654755,0.0,180.05333333333334
tat_m17ae,m17ae,0,2,SW_MAPNOTE001,33461,Exit,6.393695831298828,4.757137775421143,305,74,True,8.06225774829855,0.0,141.68
tat_m17af,m17af,0,3,SW_MAPNOTE001,33461,Exit,5.983588695526123,4.719841957092285,272,77,True,12.36931687685298,0.0,101.41333333333333
tat_m17ag,m17ae,0,3,SW_MAPNOTE001,33461,Exit,6.445734977722168,4.762975692749023,305,74,True,12.0,0.0,141.68
tat_m18aa,m18aa,0,61,SW_MAPNOTE001,41147,To Anchorhead,37.091285705566406,368.32354736328125,111,29,True,1.0,0.0,136.49333333333334
tat_m18aa,m18aa,0,62,SW_MAPNOTE001,41148,Sandcrawler,195.43804931640625,173.3105926513672,210,146,True,1.4142135623730951,0.0,169.30666666666667
tat_m18aa,m18aa,0,63,SW_MAPNOTE001,41149,Accident Site,281.3615417480469,140.51113891601562,264,166,True,3.0,0.0,217.0
tat_m18aa,m18aa,0,64,SW_MAPNOTE001,41150,To the Sand People Territory,275.5924072265625,63.42737579345703,260,213,True,2.23606797749979,0.0,113.97333333333333
tat_m18aa,m18aa,0,65,SW_MAPNOTE001,41151,To the Eastern Dune Sea,341.576904296875,146.57777404785156,301,162,True,1.4142135623730951,0.0,180.26666666666668
tat_m18ab,m18ab,0,49,SW_MAPNOTE001,41009,To the Dune Sea,116.061767578125,300.0733337402344,163,43,True,0.0,0.0,216.92
tat_m18ab,m18ab,0,50,SW_MAPNOTE001,41151,To the Eastern Dune Sea,311.3306884765625,321.56915283203125,294,29,True,1.0,0.0,221.82666666666665
tat_m18ab,m18ab,0,51,SW_MAPNOTE001,41155,Sand People Enclave,156.1122589111328,22.829795837402344,190,224,True,1.0,0.0,85.65333333333334
tat_m18ac,m18ac,0,0,tat18_wp_starmap,40066,Star Map,378.09130859375,341.106689453125,431,-31,False,1.0,,
tat_m18ac,m18ac,0,81,SW_MAPNOTE001,41150,To the Sand People Territory,118.37065124511719,125.18865966796875,141,192,True,1.0,0.0,215.53333333333333
tat_m18ac,m18ac,0,82,SW_MAPNOTE001,41009,To the Dune Sea,88.73146057128906,236.91439819335938,108,76,True,0.0,0.0,171.97333333333333
tat_m18ac,m18ac,0,83,SW_MAPNOTE001,41239,Krayt Dragon Cave,315.4708251953125,297.76129150390625,361,13,True,0.0,0.0,221.10666666666665
tat_m20aa,m20aa,0,15,SW_MAPNOTE001,33461,Exit,-28.258569717407227,66.44717407226562,68,126,True,2.8284271247461903,0.0,148.93333333333334
tat_m20aa,m20aa,0,16,SW_MAPNOTE001,41258,Chieftain's Room,13.040528297424316,63.859519958496094,261,138,True,4.47213595499958,0.0,138.74666666666667
tat_m20aa,m20aa,0,17,SW_MAPNOTE001,41259,Captives,34.23257827758789,66.6014633178711,359,125,True,17.26267650163207,0.0,156.73333333333332
unk_m41aa,m41aa,0,21,ebonhawk,33404,Ebon Hawk,86.21897888183594,140.5276336669922,244,147,True,1.0,0.0,122.45333333333333
unk_m41aa,m41aa,0,22,northbeach,41306,To North Beach,146.7012939453125,239.6039581298828,316,37,True,3.1622776601683795,0.0,139.22666666666666
unk_m41aa,m41aa,0,23,temple,41326,To Temple,161.5283203125,126.16063690185547,334,163,True,1.4142135623730951,0.04,148.36
unk_m41ab,m41ab,0,2,centralbeach,41337,To Central Beach,186.382080078125,136.53936767578125,321,131,True,4.123105625617661,0.0,116.09333333333333
unk_m41ab,m41ab,0,3,redrakatan,46873,Red Settlement,51.40081787109375,99.37063598632812,126,182,True,7.211102550927978,0.0,45.93333333333333
unk_m41ac,m41ac,0,18,centralbeach,41337,To Central Beach,160.28004455566406,96.26358032226562,192,195,True,4.123105625617661,0.0,144.70666666666668
unk_m41ac,m41ac,0,19,blackrakata,41362,To Rakatan Settlement,195.28005981445312,198.238525390625,235,76,True,2.8284271247461903,0.0,135.64
unk_m41ad,m41ad,0,8,centralbeach,41337,To Central Beach,162.59103393554688,129.70547485351562,141,98,True,2.0,0.0,129.32
unk_m41ad,m41ad,0,9,southbeach,41714,To South Beach,191.94056701660156,61.63182067871094,182,184,True,3.1622776601683795,0.0,113.44
unk_m41ad,m41ad,0,10,temple,41715,Temple Entrance,256.03564453125,131.15724182128906,270,96,True,1.0,0.0,83.44
unk_m42aa,m42aa,1,20,southbeach,41714,To South Beach,52.69062805175781,28.056739807128906,223,16,True,0.0,0.0,127.21333333333334
unk_m42aa,m42aa,1,21,dataarchives,41733,Data Archives,52.54784393310547,167.9537811279297,223,219,True,2.0,0.0,133.88
unk_m43aa,m43aa,0,22,theone,41756,Arena of the One,33.5672607421875,136.64645385742188,76,62,True,3.0,0.0,158.16
unk_m43aa,m43aa,0,23,northbeach,41306,To North Beach,202.3417205810547,25.45520782470703,357,229,True,1.0,0.0,133.17333333333335
unk_m44aa,m44aa,3,47,templeexit,41779,Temple Exit,95.42972564697266,38.40179443359375,161,132,True,2.0,0.0,87.84
unk_m44aa,m44aa,3,48,summit,41777,To Summit,101.12591552734375,77.7575454711914,245,143,True,1.0,0.0,102.85333333333334
unk_m44aa,m44aa,3,49,catacomb,41770,To Catacombs,89.70159912109375,65.94403839111328,220,121,True,7.0,0.0,97.89333333333333
unk_m44aa,m44aa,3,50,prodroid,41772,Prototype Droid Command Terminal,116.09685516357422,82.95125579833984,257,173,True,1.0,0.0,84.88
unk_m44aa,m44aa,3,51,seccomp1,41774,Security Computer,135.89198303222656,53.43617248535156,193,212,True,3.1622776601683795,0.0,114.97333333333333
unk_m44aa,m44aa,3,52,seccomp2,41774,Security Computer,65.29093933105469,84.1167984008789,259,72,True,1.0,0.0,78.25333333333333
unk_m44aa,m44aa,3,54,sc,47830,South Security Computer,131.93655395507812,49.96714782714844,186,204,True,1.4142135623730951,0.0,92.32
unk_m44aa,m44aa,3,55,pt,47828,Prototype Droid Command Room,118.99039459228516,85.98451232910156,263,179,True,9.219544457292887,0.0,86.56
unk_m44aa,m44aa,3,56,ar,40113,Armory,74.99710845947266,50.47517395019531,187,92,True,24.020824298928627,0.0,95.41333333333333
unk_m44aa,m44aa,3,57,nco,47824,North Corridor,48.28033447265625,73.37813568115234,236,39,True,6.082762530298219,0.0,88.78666666666666
unk_m44aa,m44aa,3,58,sco,47831,South Corridor,142.6638946533203,73.7506103515625,237,226,True,6.0,0.0,118.8
unk_m44aa,m44aa,3,59,eg,47819,East Guard Post,96.22377014160156,93.3220443725586,279,134,True,1.4142135623730951,0.0,90.96
unk_m44aa,m44aa,3,60,wg,47835,West Guard Post,95.25264739990234,50.9437370300293,188,132,True,9.0,0.0,91.62666666666667
unk_m44aa,m44aa,3,73,MassiveDoor,41759,Massive Door,95.77360534667969,46.08045196533203,178,133,True,12.806248474865697,0.0,104.76
unk_m44ab,m44ab,2,5,main,41800,To Main Level,58.27294921875,53.14423751831055,355,163,True,9.055385138137417,0.0,112.42666666666666
unk_m44ab,m44ab,2,6,comp,41796,Ancient Computer,73.25048065185547,107.68541717529297,100,89,True,0.0,0.0,108.89333333333333
unk_m44ac,m44ac,1,10,main,41800,To Main Level,58.160823822021484,54.10881042480469,377,87,True,3.0,0.0,83.10666666666667
unk_m44ac,m44ac,1,11,comp,41796,Ancient Computer,125.41615295410156,62.076087951660156,172,111,True,1.0,0.0,121.0
