module,area,north_axis,note_index,tag,strref,name,old_world_x,old_world_y,new_world_x,new_world_y,old_px,new_px,move_px,rule,confidence,source,reason,roundtrip_px,in_bounds,key_unique
danm13,m13aa,3,32,SW_WAYPOINT001,33403,To Outer Courtyard,82.4650726,125.256119,82.1744995,127.640999,"261,72","264,71",3.2,transition,high,auto,"names door dan13_door03 -> danm14aa (Dantooine - Courtyard), name match 1.00","264,71",True,True
danm13,m13aa,3,34,SW_WAYPOINT001,42974,Aratech Mercantile,170.377197,115.175217,168.945007,104.669998,"250,171","238,170",12.0,object,medium,auto,"names the door 'Aratech Mercantile' (Door List), 12 px away, name match 1.00","238,170",True,True
danm13,m13aa,3,35,SW_WAYPOINT001,33407,Jedi Council Chamber,100.891403,36.4466171,98.6601143,39.022811,"161,93","164,90",4.2,room_centre,medium,auto,"sole note in room M13aa_04a (57 px across), only note in it","164,90",True,True
danm14aa,m14aa,0,15,dan14_mapnote,33411,Strange Ruins,339.04425,82.4378281,344.074005,73.5656967,"380,166","385,175",10.3,transition,high,auto,"names door man14aa_door04 -> danm15 (Dantooine - Ruins), name match 1.00","385,175",True,True
danm14aa,m14aa,0,26,SW_WAYPOINT001,33412,To Jedi Enclave,109.168137,90.536911,108.525002,93.9749985,"127,158","127,155",3.0,transition,high,auto,"names door man14aa_door03 -> danm13 (Dantooine - Jedi Enclave), name match 1.00","127,155",True,True
danm14aa,m14aa,0,27,SW_WAYPOINT001,33413,Path South,170.375595,71.7239609,169.140026,68.5208015,"195,177","193,180",3.6,transition,medium,auto,"the only exit nearby is trigger to14bw -> danm14ab (Dantooine - Matale Grounds), 4 px away; matched on position, not name","193,180",True,True
danm14aa,m14aa,0,28,SW_WAYPOINT001,33413,Path South,288.929291,59.2873268,287.006111,54.3685532,"325,189","323,194",5.4,transition,medium,auto,"the only exit nearby is trigger to14be -> danm14ab (Dantooine - Matale Grounds), 5 px away; matched on position, not name","323,194",True,True
danm14ab,m14ab,0,20,SW_WAYPOINT001,33425,Path North,146.58905,167.897491,144.875888,172.905597,"45,81","44,77",4.1,transition,medium,auto,"the only exit nearby is trigger to14aw -> danm14aa (Dantooine - Courtyard), 4 px away; matched on position, not name","44,77",True,True
danm14ab,m14ab,0,21,SW_WAYPOINT001,33413,Path South,146.402481,99.2844925,139.232468,98.0433197,"45,139","39,140",6.1,transition,medium,auto,"the only exit nearby is trigger to14cw -> danm14ac (Dantooine - Grove), 6 px away; matched on position, not name","39,140",True,True
danm14ab,m14ab,0,22,SW_WAYPOINT001,33425,Path North,503.272247,131.312317,503.98143,135.678116,"367,112","368,108",4.1,transition,medium,auto,"the only exit nearby is trigger to14ae -> danm14aa (Dantooine - Courtyard), 4 px away; matched on position, not name","368,108",True,True
danm14ab,m14ab,0,23,SW_WAYPOINT001,33413,Path South,514.35199,50.5212097,513.109673,44.992856,"377,179","376,184",5.1,transition,medium,auto,"the only exit nearby is trigger to14ce -> danm14ac (Dantooine - Grove), 5 px away; matched on position, not name","376,184",True,True
danm14ac,m14ac,0,27,SW_WAYPOINT001,33425,Path North,285.484314,430.294037,284.645088,433.627014,"79,45","77,38",7.3,transition,medium,auto,"the only exit nearby is trigger to14bw -> danm14ab (Dantooine - Matale Grounds), 7 px away; matched on position, not name","77,38",True,True
danm14ac,m14ac,0,28,SW_WAYPOINT001,33425,Path North,407.099609,436.566742,408.515297,440.301468,"329,33","331,25",8.2,transition,medium,auto,"the only exit nearby is trigger to14be -> danm14ab (Dantooine - Matale Grounds), 8 px away; matched on position, not name","331,25",True,True
danm14ac,m14ac,0,29,SW_WAYPOINT001,33413,Path South,372.878876,350.67514,371.131149,348.010956,"258,200","255,205",5.8,transition,medium,auto,"the only exit nearby is trigger to14de -> danm14ad (Dantooine - Sandral Grounds), 6 px away; matched on position, not name","255,205",True,True
danm14ac,m14ac,0,30,SW_WAYPOINT001,33413,Path South,280.985107,386.403809,278.364784,383.636986,"70,130","65,136",7.8,transition,medium,auto,"the only exit nearby is trigger to14dw -> danm14ad (Dantooine - Sandral Grounds), 8 px away; matched on position, not name","65,136",True,True
danm14ad,m14ad,0,22,mapnote,33459,Sandral Estate,336.331268,145.387039,336.700989,138.707993,"78,134","79,143",9.1,transition,high,auto,"names door dan14ad_door01 -> danm16 (Dantooine - Sandral Estate), name match 1.00","79,143",True,True
danm14ad,m14ad,0,24,SW_WAYPOINT001,33425,Path North,531.232605,152.875092,532.116486,155.95417,"367,124","369,120",4.5,transition,medium,auto,"the only exit nearby is trigger to14ce -> danm14ac (Dantooine - Grove), 4 px away; matched on position, not name","369,120",True,True
danm14ad,m14ad,0,25,SW_WAYPOINT001,33425,Path North,357.586731,204.628983,358.354668,207.011742,"110,55","111,52",3.2,transition,medium,auto,"the only exit nearby is trigger to14cw -> danm14ac (Dantooine - Grove), 3 px away; matched on position, not name","111,52",True,True
danm14ae,m14ae,0,1,SW_WAYPOINT001,33461,Exit,13.5985374,151.774033,8.64537375,150.959063,"60,190","43,192",17.1,transition,low,auto,"the only exit nearby is trigger to14ad -> danm14ad (Dantooine - Sandral Grounds), 17 px away; matched on position, not name","43,192",True,True
danm15,m15aa,1,2,SW_WAYPOINT001,33461,Exit,147.482468,91.9137802,147.455994,88.4392014,"203,56","203,50",6.0,transition,medium,auto,"the only exit nearby is door man15_door02 -> danm14aa (Dantooine - Courtyard), 6 px away; matched on position, not name","203,50",True,True
danm16,m16aa,1,21,SW_WAYPOINT001,33461,Exit,45.3330536,30.6085815,45.4108009,28.7789001,"226,29","226,22",7.0,transition,medium,auto,"the only exit nearby is door dan16_door03 -> danm14ad (Dantooine - Sandral Grounds), 7 px away; matched on position, not name","226,22",True,True
danm16,m16aa,1,22,SW_WAYPOINT001,33461,Exit,19.6141396,63.6265411,18.1896,63.9336014,"325,151","331,152",6.1,transition,medium,auto,"the only exit nearby is door dan16_door04 -> danm14ad (Dantooine - Sandral Grounds), 6 px away; matched on position, not name","331,152",True,True
ebo_m12aa,m12aa,0,46,Cargo,39412,Cargo Hold,27.3722343,30.5576344,32.1463795,31.6940859,"144,172","160,168",16.5,room_centre,medium,auto,"sole note in room M12aa_01k (69 px across), only note in it","160,168",True,True
ebo_m12aa,m12aa,0,47,Cockpit,39414,Cockpit,52.7783394,80.174881,52.6941659,76.6737729,"228,17","227,28",11.0,room_centre,high,auto,"off walkable floor, nearest is room M12aa_01p (31 px across), only note in it","227,28",True,True
ebo_m12aa,m12aa,0,48,PortQuarters,39415,Crew Quarters,23.2197571,54.2395248,23.1215591,51.0703676,"131,98","131,108",10.0,room_centre,medium,auto,"sole note in room M12aa_01j (40 px across), only note in it","131,108",True,True
ebo_m12aa,m12aa,0,49,Swoop,39416,Swoop Hangar,69.9854584,27.4138718,64.168719,32.276325,"284,182","265,166",24.8,room_centre,medium,auto,"sole note in room M12aa_01e (79 px across), only note in it","265,166",True,True
ebo_m12aa,m12aa,0,50,Starboard,39415,Crew Quarters,80.764389,56.2321472,79.1678375,51.4462599,"319,92","314,107",15.8,room_centre,medium,auto,"sole note in room M12aa_01i (39 px across), only note in it","314,107",True,True
ebo_m12aa,m12aa,0,51,Engine,39417,Engine Room,49.4640312,7.27915573,49.5820031,17.6068455,"217,244","217,212",32.0,room_centre,high,auto,"off walkable floor, nearest is room M12aa_01l (45 px across), only note in it","217,212",True,True
ebo_m12aa,m12aa,0,52,sw_exit,39418,Exit Ramp,66.9202194,50.4058647,66.2606918,51.4209389,"274,110","272,107",3.6,transition,medium,auto,"names trigger AreaTransition -> ? (Exit Ebon Hawk), name match 0.50","272,107",True,True
ebo_m41aa,m12aa,0,15,cargo,39412,Cargo Hold,27.819416,31.0983524,32.1463795,31.6940859,"146,170","160,168",14.1,room_centre,medium,auto,"sole note in room M12aa_01k (69 px across), only note in it","160,168",True,True
ebo_m41aa,m12aa,0,16,portquarters,39415,Crew Quarters,21.6745911,53.2886353,23.1215591,51.0703676,"126,101","131,108",8.6,room_centre,medium,auto,"sole note in room M12aa_01j (40 px across), only note in it","131,108",True,True
ebo_m41aa,m12aa,0,17,SwoopRacer,39416,Swoop Hangar,68.7210083,26.4141407,64.168719,32.276325,"280,185","265,166",24.2,room_centre,medium,auto,"sole note in room M12aa_01e (79 px across), only note in it","265,166",True,True
ebo_m41aa,m12aa,0,18,exit,33461,Exit,66.9621277,45.197422,66.1892105,48.0026138,"274,126","272,117",9.2,transition,medium,auto,"the only exit nearby is trigger newtransition001 -> ? (Unknown World - Central Beach), 9 px away; matched on position, not name","272,117",True,True
ebo_m41aa,m12aa,0,19,SW_MAPNOTE001,39414,Cockpit,51.9131927,78.6615601,52.6941659,76.6737729,"225,22","227,28",6.3,room_centre,medium,auto,"sole note in room M12aa_01p (31 px across), only note in it","227,28",True,True
ebo_m41aa,m12aa,0,20,Starboard,39415,Crew Quarters,80.581749,51.1631241,79.1678375,51.4462599,"319,108","314,107",5.1,room_centre,medium,auto,"sole note in room M12aa_01i (39 px across), only note in it","314,107",True,True
ebo_m41aa,m12aa,0,21,SW_MAPNOTE001,39417,Engine Room,49.4663734,8.40962029,49.5820031,17.6068455,"217,241","217,212",29.0,room_centre,high,auto,"off walkable floor, nearest is room M12aa_01l (45 px across), only note in it","217,212",True,True
end_m01aa,m01aa,3,18,SW_WAYPOINT001,39590,Quarters,14.9991999,21.4336128,15.5396455,22.9212377,"48,82","52,83",4.1,room_centre,medium,auto,"sole note in room M01aa_01a (48 px across), only note in it","52,83",True,True
kas_m22aa,m22aa,0,46,SW_MAPNOTE001,33404,Ebon Hawk,54.8121414,50.9973755,51.3738594,50.899334,"93,208","85,209",8.1,transition,high,auto,"names trigger EbonHawk -> ebo_m12aa (To the Ebon Hawk), name match 1.00","85,209",True,True
kas_m22aa,m22aa,0,47,SW_MAPNOTE001,39700,To the Great Walkway,166.228363,140.869797,167.613007,141.561005,"335,26","338,25",3.2,transition,high,auto,"names door KashyyykDoor3 -> kas_m22ab (Kashyyyk - The Great Walkway), name match 1.00","338,25",True,True
kas_m22aa,m22aa,0,48,SW_MAPNOTE001,39701,Janos' Office,167.446472,78.8449326,159.58273,82.4036833,"337,152","320,145",18.4,room_centre,high,auto,"off walkable floor, nearest is room M22aa_03a (80 px across), only note in it","320,145",True,True
kas_m23aa,m23aa,0,8,SW_MAPNOTE001,39700,To the Great Walkway,71.5530472,130.857742,70.2279968,132.496994,"101,42","98,39",4.2,transition,high,auto,"names door KashyyykDoor3 -> kas_m22ab (Kashyyyk - The Great Walkway), name match 1.00","98,39",True,True
kas_m23aa,m23aa,0,10,SW_MAPNOTE001,39730,Holder of the Laws,180.391647,91.1630096,180.899002,93.4225006,"317,120","318,116",4.1,object,high,auto,"names the door 'Holder of the Laws' (Door List), 4 px away, name match 1.00","318,116",True,True
kas_m23aa,m23aa,0,11,SW_MAPNOTE001,39731,Home of Woorwill,124.565742,83.7277451,123.713997,82.3961029,"206,135","204,138",3.6,transition,high,auto,"names door KashyyykDoor1 -> kas_m23ab (Kashyyyk - Woorwill's Home), name match 1.00","204,138",True,True
kas_m23ab,m23ab,0,1,SW_MAPNOTE001,33461,Exit,27.8429184,13.3213787,29.3483009,12.3525,"271,119","285,127",16.1,transition,low,auto,"the only exit nearby is door KashyyykDoor2 -> kas_m23aa (Kashyyyk - Village of Rwookrrorro), 16 px away; matched on position, not name","285,127",True,True
kas_m23ac,m23ac,0,3,SW_MAPNOTE001,33461,Exit,37.5661736,14.6355362,39.0555992,13.8147001,"287,113","302,120",16.6,transition,low,auto,"the only exit nearby is door KashyyykDoor2 -> kas_m23aa (Kashyyyk - Village of Rwookrrorro), 17 px away; matched on position, not name","302,120",True,True
kas_m23ad,m23ad,0,8,SW_MAPNOTE001,33461,Exit,43.9458542,20.2838707,46.2401009,20.7581005,"292,90","307,87",15.3,transition,low,auto,"the only exit nearby is door KashyyykDoor2 -> kas_m23aa (Kashyyyk - Village of Rwookrrorro), 15 px away; matched on position, not name","307,87",True,True
kas_m24aa,m24aa,0,26,SW_MAPNOTE001,39785,Forcefield,340.63916,170.957672,340.978149,164.194504,"352,111","352,116",5.0,object,high,auto,"names the sound 'forcefield loop' (SoundList), 5 px away, name match 1.00","352,116",True,True
kas_m25aa,m25aa,0,32,SW_MAPNOTE001,39892,Swoop Bikes,30.1987877,117.079559,27.3704816,111.798215,"147,140","144,145",5.8,room_centre,medium,auto,"sole note in room M25aa_10A (38 px across), only note in it","144,145",True,True
kas_m25aa,m25aa,0,34,SW_MAPNOTE001,39894,Ritual Marker,189.05867,45.5530701,186.988854,34.5626103,"292,200","290,209",9.2,room_centre,medium,auto,"sole note in room M25aa_07A (49 px across), only note in it","290,209",True,True
korr_m33aa,m33aa,0,39,k33a_map_dreexit,39910,To Korriban,243.565186,161.872147,245.682007,160.931,"345,98","348,99",3.2,transition,medium,auto,"the only exit nearby is door kor33a_kor33b -> korr_m33ab (Korriban - Sith Academy Entrance), 3 px away; matched on position, not name","348,99",True,True
korr_m33aa,m33aa,0,40,k33a_map_store,34558,Czerka Store,189.095703,184.213623,186.26971,180.498267,"255,63","250,69",7.8,room_centre,medium,auto,"sole note in room M33aa_03a (37 px across), only note in it","250,69",True,True
korr_m33aa,m33aa,0,65,k33a_map_ebon,34556,To Ebon Hawk,107.852074,188.206619,107.149792,183.568096,"121,57","120,64",7.1,transition,high,auto,"names trigger k33_trg_ebonhawk -> ebo_m12aa (Ebon Hawk), name match 1.00","120,64",True,True
korr_m33ab,m33ab,0,14,k33b_map_dreshda,34574,To Dreshdae,8.91146851,2.87930441,6.21848011,3.21757007,"179,153","174,152",5.1,transition,high,auto,"names door kor33b_kor33a -> korr_m33aa (Korriban - Dreshdae), name match 1.00","174,152",True,True
korr_m33ab,m33ab,0,15,k33b_map_sithaca,34576,To Sith Academy,81.0619736,-4.0396986,83.4405975,-3.63530993,"323,165","328,165",5.0,transition,high,auto,"names door k33b_dor_academy -> korr_m35aa (Korriban - Sith Academy), name match 1.00","328,165",True,True
korr_m34aa,m34aa,0,4,k34_map_valley,39926,To Valley,6.68578053,150.69989,2.17305628,150.9664,"112,127","108,127",4.0,transition,high,auto,"names trigger k34_trg_k36 -> korr_m36aa (Korriban - Valley of the Dark Lords), name match 1.00","108,127",True,True
korr_m34aa,m34aa,0,24,k34_map_renegade,43806,Renegade Sith,111.843956,99.7686539,112.621468,107.993828,"217,174","217,166",8.0,room_centre,medium,auto,"sole note in room m34aa_04a (71 px across), only note in it","217,166",True,True
korr_m35aa,m35aa,0,1,k35_way_pcroom,34654,Bedroom,42.7199745,111.575775,47.4527582,109.758182,"141,89","148,91",7.3,room_centre,medium,auto,"sole note in room M35aa_14 (26 px across), only note in it","148,91",True,True
korr_m35aa,m35aa,0,41,k35_map_dreshdae,34574,To Dreshdae,121.717903,61.0009346,121.504997,51.7453003,"250,154","250,166",12.0,transition,low,auto,"the only exit nearby is door kor35_kor33b -> korr_m33ab (Korriban - Sith Academy Entrance), 12 px away; matched on position, not name","250,166",True,True
korr_m35aa,m35aa,0,51,k35_map_valley,39926,To Valley,121.724289,157.423248,121.5,159.75,"251,30","250,27",3.2,transition,high,auto,"names door kor35_kor36 -> korr_m36aa (Korriban - Valley of the Dark Lords), name match 1.00","250,27",True,True
korr_m35aa,m35aa,0,52,k35_map_duelling,39942,Dueling Room,188.095032,51.9902992,188.227363,49.9132058,"342,166","343,169",3.2,room_centre,medium,auto,"sole note in room M35aa_22 (43 px across), only note in it","343,169",True,True
korr_m36aa,m36aa,0,32,k36_map_final,39988,To Naga Sadow's Tomb,32.171669,253.072769,28.3477993,252.615005,"178,25","175,26",3.2,transition,high,auto,"names door kor36_kor39 -> korr_m39aa (Korriban - Tomb of Naga Sadow), name match 1.00","175,26",True,True
korr_m36aa,m36aa,0,33,k36_map_second,39990,To Marka Ragnos' Tomb,27.4505882,180.172104,24.2269993,181.466003,"174,87","171,86",3.2,transition,high,auto,"names door kor36_kor38a -> korr_m38aa (Korriban - Tomb of Marka Ragnos), name match 1.00","171,86",True,True
korr_m36aa,m36aa,0,34,k36_map_third,39991,To Tulak Hord's Tomb,117.244095,247.889999,120.318001,248.384995,"252,30","255,29",3.2,transition,high,auto,"names door kor36_kor38b -> korr_m38ab (Korriban - Tomb of Tulak Hord), name match 1.00","255,29",True,True
korr_m36aa,m36aa,0,35,k36_map_firsttom,39989,To Ajunta Pall's Tomb,131.849884,177.10614,135.210007,178.608994,"265,90","268,88",3.6,transition,high,auto,"names door kor36_kor37 -> korr_m37aa (Korriban - Tomb of Ajunta Pall), name match 1.00","268,88",True,True
korr_m37aa,m37aa,0,9,k37_map_valley,39926,To Valley,8.62365723,17.50103,6.75,18,"79,136","75,135",4.1,transition,high,auto,"names door k37_door_valley -> korr_m36aa (Korriban - Valley of the Dark Lords), name match 1.00","75,135",True,True
korr_m38aa,m38ab,0,5,k38a_map_valley,39926,To Valley,13.2981415,74.555481,11.25,75,"48,123","43,123",5.0,transition,high,auto,"names door kor38a_kor36 -> korr_m36aa (Korriban - Valley of the Dark Lords), name match 1.00","43,123",True,True
korr_m38ab,m38aa,0,13,k38b_map_valley,39926,To Valley,8.89037323,54.5649223,6.75,55.5,"44,112","39,110",5.4,transition,high,auto,"names door kor38b_kor36 -> korr_m36aa (Korriban - Valley of the Dark Lords), name match 1.00","39,110",True,True
korr_m39aa,m39aa,3,13,k39_map_valley,39926,To Valley,8.52714539,107.092384,6.75,108,"219,30","220,27",3.2,transition,high,auto,"names door kor39_kor36 -> korr_m36aa (Korriban - Valley of the Dark Lords), name match 1.00","220,27",True,True
lev_m40aa,m40aa,0,37,SW_MAPNOTE001,40105,Elevator,186.640945,78.5432587,180.199997,79,"394,132","381,131",13.0,object,medium,auto,"names the door 'Elevator' (Door List), 13 px away, name match 1.00","381,131",True,True
lev_m40aa,m40aa,0,84,lev40_mnmedical,44175,Medical,65.1153412,61.8872566,64.6918083,63.8531908,"152,161","151,157",4.1,room_centre,medium,auto,"sole note in room M40aa_00a (39 px across), only note in it","151,157",True,True
lev_m40ab,m40ab,0,19,SW_MAPNOTE001,40105,Elevator,12.5119114,54.4334717,19,55,"46,130","64,128",18.1,object,medium,auto,"names the door 'Elevator' (Door List), 18 px away, name match 1.00","64,128",True,True
lev_m40ab,m40ab,0,20,lev40_mndroid,40102,Droid Bay,53.3912926,33.1839676,54.8460613,34.6624591,"157,184","161,180",5.7,room_centre,medium,auto,"sole note in room M40ab_17a (74 px across), only note in it","161,180",True,True
lev_m40ab,m40ab,0,22,SW_MAPNOTE001,40114,To Bridge,138.909103,54.6417542,141.149994,55,"389,129","395,128",6.1,transition,high,auto,"names door lev40_bridgedoor -> lev_m40ad (Leviathan - Bridge), name match 1.00","395,128",True,True
lev_m40ab,m40ab,0,23,SW_MAPNOTE001,40115,To Bridge Storage,122.344185,72.7147903,123,75.1500015,"344,83","346,77",6.3,transition,high,auto,"names door lev40_storage -> lev_m40ad (Leviathan - Bridge), name match 1.00","346,77",True,True
lev_m40ac,m40ac,0,16,SW_MAPNOTE001,40105,Elevator,12.5704174,154.499725,19,155,"50,52","59,51",9.1,object,high,auto,"names the door 'Elevator' (Door List), 9 px away, name match 1.00","59,51",True,True
lev_m40ac,m40ac,0,17,SW_MAPNOTE001,40126,Hangar Control,124.939407,152.287247,124.997906,145.646725,"200,55","200,63",8.0,room_centre,medium,auto,"sole note in room M40ac_32a (69 px across), only note in it","200,63",True,True
lev_m40ad,m40ad,0,6,SW_MAPNOTE001,40131,To Command Deck,123.142723,77.1539764,123,75.1500015,"53,98","53,102",4.0,transition,high,auto,"names door lev40_stddoor -> lev_m40ab (Leviathan - Command Deck), name match 1.00","53,102",True,True
lev_m40ad,m40ad,0,8,SW_MAPNOTE001,35404,Airlock,184.523987,74.1997375,184.471527,76.605011,"181,104","181,99",5.0,object,high,auto,"names the sound 'steam room airlock room' (SoundList), 5 px away, name match 1.00","181,99",True,True
lev_m40ad,m40ad,0,9,SW_MAPNOTE001,40131,To Command Deck,153.58728,54.7330055,151.649994,55,"117,141","113,140",4.1,transition,high,auto,"names door lev40_cmddoor -> lev_m40ab (Leviathan - Command Deck), name match 1.00","113,140",True,True
liv_m99aa,m50aa,3,21,yav50_map,48569,To Ebon Hawk,7.10191488,-2.78233051,7.20890999,-4.97201014,"60,131","53,131",7.0,transition,high,auto,"names door yavinarea -> ebo_m12aa (To Ebon Hawk), name match 1.00","53,131",True,True
manm26aa,m26aa,3,16,SW_WAYPOINT001,35013,Mercenary Enclave,-24.1814365,29.1485157,-16.8020642,33.4213201,"279,29","291,47",21.6,room_centre,medium,auto,"sole note in room M26aa_11a (78 px across), only note in it","291,47",True,True
manm26aa,m26aa,3,17,SW_WAYPOINT001,35014,To Ahto City Central,1.79511762,43.5973778,1.84537005,45.7821999,"318,92","323,92",5.0,transition,medium,auto,"names door man26aa_door05 -> manm26ac (Manaan - West Central), name match 0.50","323,92",True,True
manm26ab,m26ab,2,11,SW_WAYPOINT001,35033,Swoop Track Registration,-81.7413254,34.8877869,-82.5559387,33.2802266,"225,231","228,232",3.2,room_centre,medium,auto,"sole note in room M26ab_17a (53 px across), only note in it","228,232",True,True
manm26ab,m26ab,2,12,SW_WAYPOINT001,33405,General Shop,2.94969749,20.857605,7.56663997,20.9616646,"249,88","249,80",8.0,room_centre,medium,auto,"sole note in room M26ab_16a (38 px across), only note in it","249,80",True,True
manm26ab,m26ab,2,13,SW_WAYPOINT001,35034,Sith Base,44.9941177,14.5262213,45.0334854,17.8298626,"260,17","254,17",6.0,transition,high,auto,"names trigger to27a -> manm27aa (Manaan - Sith Base), name match 1.00","254,17",True,True
manm26ab,m26ab,2,14,SW_WAYPOINT001,35035,To Ahto City East Central,-51.3439713,77.9725189,-52.8261986,79.1672974,"150,179","148,182",3.6,transition,high,auto,"names door man26ab_door06 -> manm26ae (Manaan - East Central), name match 1.00","148,182",True,True
manm26ac,m26ac,0,24,SW_WAYPOINT001,35055,Port Official,-38.2010498,65.8034668,-44.3286052,65.485431,"237,141","229,141",8.0,room_centre,medium,auto,"sole note in room M26ac_04a (29 px across), only note in it","229,141",True,True
manm26ac,m26ac,0,25,SW_WAYPOINT001,35056,To Ahto West,-105.884109,25.2954445,-107.348,27.7012997,"148,193","146,189",4.5,transition,high,auto,"names door man26ac_to26aa -> manm26aa (Ahto West), name match 1.00","146,189",True,True
manm26ad,m26ad,1,51,SW_MAPNOTE001,33404,Ebon Hawk,253.696838,177.679657,261.081863,173.883064,"278,141","270,137",8.9,transition,high,auto,"names trigger man26ad_to12aa -> ebo_m12aa (Ebon Hawk), name match 1.00","270,137",True,True
manm26ad,m26ad,1,54,SW_MAPNOTE001,19297,Manaan - West Central,340.134979,208.683319,339.778015,206.388,"184,175","184,172",3.0,transition,high,auto,"names door man26ad_to26ac -> manm26ac (Manaan - West Central), name match 1.00","184,172",True,True
manm26ae,m26ae,0,69,SW_MAPNOTE001,40212,To West Central Courtyard,10.0834465,-1.14223588,8.43887043,-2.06385994,"137,220","134,222",3.6,transition,high,auto,"names door man26ae_to26ac -> manm26ac (Manaan - West Central), name match 1.00","134,222",True,True
manm26ae,m26ae,0,71,SW_MAPNOTE001,40214,To East Courtyard,107.231026,25.7585831,109.970001,27.7010994,"295,179","299,176",5.0,transition,medium,auto,"names door man26ae_to26ab -> manm26ab (Manaan - Ahto East), name match 0.50","299,176",True,True
manm26ae,m26ae,0,72,SW_MAPNOTE001,35175,Visitor's Hotel,12.695713,63.8812561,22.3563995,62.0651016,"141,121","157,123",16.1,object,medium,auto,"names the door ""Visitor's Hotel"" (Door List), 16 px away, name match 1.00","157,123",True,True
manm27aa,m27aa,2,26,SW_MAPNOTE001,40265,Elevator to Ahto City,102.985878,35.73349,98.8458252,35.5428238,"204,208","204,214",6.0,transition,medium,auto,"the only exit nearby is trigger to26b -> manm26ab (Manaan - West Central), 6 px away; matched on position, not name","204,214",True,True
manm27aa,m27aa,2,28,SW_MAPNOTE001,40267,Flow Control,149.191086,-27.3656998,149.030777,-20.3000412,"291,147","281,147",10.0,room_centre,medium,auto,"sole note in room M27aa_11a (55 px across), only note in it","281,147",True,True
manm28aa,m28aa,0,46,cs,45799,Central Storage Room,128.193558,104.32444,132.785928,106.002388,"200,173","206,171",6.3,room_centre,medium,auto,"sole note in room M28AA_07A (40 px across), only note in it","206,171",True,True
manm28aa,m28aa,0,47,ws,45820,West Storage Room,86.0343552,112.369537,81.8961808,111.342669,"145,163","140,164",5.1,room_centre,medium,auto,"sole note in room M28AA_14A (43 px across), only note in it","140,164",True,True
sta_m45aa,m45aa,0,24,k45_map_ebonhawk,34556,To Ebon Hawk,65.3088989,177.24707,68.0946064,180.96619,"238,48","240,45",3.6,transition,high,auto,"names trigger k45_trg_ebonhawk -> ebo_m12aa (Star Forge - Ebon Hawk), name match 1.00","240,45",True,True
sta_m45ab,m45ab,0,3,k45b_map_elevato,35471,To Elevator,-1.50263977,-192.767212,-2.27600002,-189.994995,"100,188","99,183",5.1,transition,medium,auto,"the only exit nearby is door sta45b_sta45c -> sta_m45ac (Star Forge - Command Center), 5 px away; matched on position, not name","99,183",True,True
sta_m45ab,m45ab,0,6,k45b_map_east,40316,To East Exit,152.888184,-110.401398,152.914993,-107.297997,"359,53","360,48",5.1,transition,medium,auto,"names door sta45b_east_45a -> sta_m45aa (Star Forge - Deck 1), name match 0.50","360,48",True,True
sta_m45ab,m45ab,0,7,k45b_map_west,40318,To West Exit,-16.0610008,-110.039078,-15.9651003,-107.297997,"76,52","76,48",4.0,transition,medium,auto,"names door sta45b_west_45a -> sta_m45aa (Star Forge - Deck 1), name match 0.50","76,48",True,True
sta_m45ac,m45ac,3,9,k45c_map_west,35473,To West Elevator,-1.49249268,-193.331741,-2.27600002,-189.994995,"99,61","102,60",3.2,transition,medium,auto,"the only exit nearby is door sta45c_sta45b -> sta_m45ab (Star Forge - Deck 2), 3 px away; matched on position, not name","102,60",True,True
sta_m45ad,m45ad,0,3,k45d_map_command,35596,To Command Center,202.189667,308.137177,202.167999,310.739014,"222,59","222,53",6.0,transition,high,auto,"names door sta45d_sta45c -> sta_m45ac (Star Forge - Command Center), name match 1.00","222,53",True,True
tar_m02aa,m02aa,0,19,SW_MAPNOTE001,40479,To Your Apartment,91.9797821,134.415771,90.75,134.25,"178,50","174,51",4.1,transition,medium,auto,"the only exit nearby is door tar02_aprtdoor -> tar_m02af (Taris - Hideout), 4 px away; matched on position, not name","174,51",True,True
tar_m02aa,m02aa,0,20,SW_MAPNOTE001,40480,To Upper City,112.608154,83.3428345,112.5,81.75,"244,206","244,211",5.0,transition,high,auto,"names door ptar_stnddr -> tar_m02ac (Taris - Upper City South), name match 1.00","244,211",True,True
tar_m02aa,m02aa,0,21,SW_MAPNOTE001,40481,Dia's Apartment,76.240036,111.862152,75.0612755,112.179113,"127,119","123,118",4.1,room_centre,medium,auto,"sole note in room M02aa_04a (58 px across), only note in it","123,118",True,True
tar_m02ab,m02ab,0,34,SW_MAPNOTE001,40496,To Lower City,121.879738,130.896942,130.125,131.25,"176,126","187,126",11.0,transition,high,auto,"names door tar02_lowdoor -> tar_m03aa (Taris - Lower City), name match 1.00","187,126",True,True
tar_m02ab,m02ab,0,35,SW_MAPNOTE001,40497,To Sith Base,112.574913,220.190933,112.5,227.617004,"164,17","164,8",9.0,transition,high,auto,"names door tar02_sithdoor -> tar_m09aa (Taris - Sith Base), name match 1.00","164,8",True,True
tar_m02ab,m02ab,0,36,SW_MAPNOTE001,40498,To Apartments,221.417068,139.311874,221.25,142.875,"310,116","310,111",5.0,transition,high,auto,"names door tar02_door02ad -> tar_m02ad (Taris - North Apartments), name match 1.00","310,111",True,True
tar_m02ab,m02ab,0,37,SW_MAPNOTE001,40499,To Upper City South,222.349747,63.9660721,221.25,60.9375,"311,208","310,212",4.1,transition,high,auto,"names door UpperSouth -> tar_m02ac (Taris - Upper City South), name match 1.00","310,212",True,True
tar_m02ac,m02ac,0,39,SW_MAPNOTE001,40480,To Upper City,186.98494,112.309097,187.5,117.711998,"251,87","252,80",7.1,transition,high,auto,"names door UpperNorth -> tar_m02ab (Taris - Upper City North), name match 1.00","252,80",True,True
tar_m02ac,m02ac,0,42,SW_MAPNOTE001,40506,To Upper City Cantina,90.1174316,28.0428314,90,24.9375,"126,190","126,194",4.0,transition,high,auto,"names door tar02_cantdoor -> tar_m02ae (Taris - Upper City Cantina), name match 1.00","126,194",True,True
tar_m02ac,m02ac,0,50,SW_MAPNOTE001,40498,To Apartments,90.13797,121.791664,90,129.524994,"126,75","126,66",9.0,transition,high,auto,"names door Apartments -> tar_m02aa (Taris - South Apartments), name match 1.00","126,66",True,True
tar_m02ad,m02ad,0,20,SW_MAPNOTE001,40480,To Upper City,112.231369,84.376236,112.5,81.75,"213,204","214,212",8.1,transition,high,auto,"names door ptar_stnddr -> tar_m02ab (Taris - Upper City North), name match 1.00","214,212",True,True
tar_m02ad,m02ad,0,21,SW_MAPNOTE001,40514,Largo's Apartment,137.34816,87.2287521,138.86051,86.1344397,"292,195","297,199",6.4,room_centre,medium,auto,"sole note in room M02ad_01a (77 px across), only note in it","297,199",True,True
tar_m02ad,m02ad,0,27,tar02_mnsarnas,40516,Sarna's Apartment,80.205658,112.166496,74.5822293,112.21096,"112,121","94,121",18.0,room_centre,medium,auto,"sole note in room M02ad_04a (60 px across), only note in it","94,121",True,True
tar_m02ae,m02ae,0,27,SW_MAPNOTE001,40480,To Upper City,139.146332,109.577911,141.725998,110,"197,125","205,124",8.1,transition,high,auto,"names door ptar_stnddr -> tar_m02ac (Taris - Upper City South), name match 1.00","205,124",True,True
tar_m02af,m02af,0,8,SW_MAPNOTE001,40564,To Apartment Complex,89.3539124,135.577423,90.7444992,134.255997,"240,159","253,171",17.7,transition,low,auto,"the only exit nearby is door tar02_aptdoor -> tar_m02aa (), 18 px away; matched on position, not name","253,171",True,True
tar_m03aa,m03aa,0,16,SW_MAPNOTE001,40570,To Black Vulkar Base,458.987061,148.938751,464.045013,150.065994,"366,156","371,155",5.1,transition,high,auto,"names door tar03_blkdoor -> tar_m10aa (Taris - Black Vulkar Base), name match 1.00","371,155",True,True
tar_m03aa,m03aa,0,17,SW_MAPNOTE001,40480,To Upper City,403.21875,137.224106,402.579987,134.824997,"305,167","305,170",3.0,transition,high,auto,"names door tar04_elevdoor -> tar_m02ab (Taris - Upper City North), name match 1.00","305,170",True,True
tar_m03aa,m03aa,0,18,SW_MAPNOTE001,40498,To Apartments,403.034607,161.618851,402.578003,164.970993,"305,143","305,140",3.0,transition,high,auto,"names door tar04_stddoor -> tar_m03ad (Taris - Lower City Apartments), name match 1.00","305,140",True,True
tar_m03aa,m03aa,0,22,SW_MAPNOTE001,40573,To Undercity,194.242599,220.53775,189.25,221.199997,"79,86","74,85",5.1,transition,high,auto,"names door tar04_elevdoor -> tar_m04aa (Taris - Undercity), name match 1.00","74,85",True,True
tar_m03ab,m03ab,0,21,SW_MAPNOTE001,40496,To Lower City,112.467926,83.523941,112.5,81.75,"221,203","221,208",5.0,transition,high,auto,"names door ptar_stnddr -> tar_m03aa (Taris - Lower City), name match 1.00","221,208",True,True
tar_m03ad,m03ad,0,26,SW_MAPNOTE001,40496,To Lower City,112.654869,83.6644135,112.5,81.75,"225,203","225,209",6.0,transition,high,auto,"names door tar03_stddoor -> tar_m03aa (Taris - Lower City), name match 1.00","225,209",True,True
tar_m03ae,m03ae,0,11,SW_MAPNOTE001,40496,To Lower City,139.235199,109.629356,141.725998,110,"298,116","307,115",9.1,transition,high,auto,"names door TarisDoor2 -> tar_m03aa (Taris - Lower City), name match 1.00","307,115",True,True
tar_m04aa,m04aa,0,54,SW_MAPNOTE001,40496,To Lower City,183.915421,166.90509,179.643005,166.279999,"156,143","151,144",5.1,transition,high,auto,"names door tar04_elevdoor -> tar_m03aa (Taris - Lower City), name match 1.00","151,144",True,True
tar_m04aa,m04aa,0,58,SW_MAPNOTE001,40804,To Sewers,285.869446,115.893875,288.791992,116.692001,"273,198","276,198",3.0,transition,high,auto,"names door TarisDoor3 -> tar_m05aa (Taris - Lower Sewers), name match 1.00","276,198",True,True
tar_m05ab,m05ab,0,18,SW_MAPNOTE001,40815,To Lower Sewers,70.241745,369.631836,67.2069016,369.923004,"59,104","54,103",5.1,transition,high,auto,"names door ptar_swrdoor -> tar_m05aa (Taris - Lower Sewers), name match 1.00","54,103",True,True
tar_m05ab,m05ab,0,19,SW_MAPNOTE001,40570,To Black Vulkar Base,286.499176,310.181519,288.93399,310.601013,"399,192","402,192",3.0,transition,high,auto,"names door tar05_elevator -> tar_m10aa (Taris - Black Vulkar Base), name match 1.00","402,192",True,True
tar_m08aa,m08aa,0,39,SW_MAPNOTE001,40820,Hangar,61.8437309,48.6116104,59.6410269,48.6777,"188,187","184,187",4.0,clamp_to_floor,medium,auto,off walkable floor; pulled onto nearest floor of M08aa_10a (room too large to centre in),"184,187",True,True
tar_m08aa,m08aa,0,58,tar08_mnbarracks3,40879,Barracks,67.3983383,131.272278,70.111145,131.204071,"198,45","203,45",5.0,room_centre,medium,auto,"sole note in room M08aa_07a (31 px across), only note in it","203,45",True,True
tar_m08aa,m08aa,0,59,tar08_mnbarracks4,40879,Barracks,86.3115158,135.10762,82.572731,134.616867,"233,39","226,40",7.1,room_centre,medium,auto,"sole note in room M08aa_08a (36 px across), only note in it","226,40",True,True
tar_m08aa,m08aa,0,60,tar08_mnlab,46151,Spice Lab,17.7252922,105.313896,22.3369648,108.078828,"108,90","116,85",9.4,room_centre,medium,auto,"sole note in room M08aa_13a (48 px across), only note in it","116,85",True,True
tar_m09aa,m09aa,0,11,SW_MAPNOTE001,40480,To Upper City,0.72833854,-21.0761528,0.667133987,-22.2658005,"248,229","248,233",4.0,transition,high,auto,"names door ptar_secdoor -> tar_m02ab (Taris - Upper City South), name match 1.00","248,233",True,True
tar_m09aa,m09aa,0,15,tar09_mnbarracks1,40879,Barracks,-24.5931721,10.7817345,-24.6434898,9.63915825,"165,129","165,132",3.0,clamp_to_floor,medium,auto,off walkable floor; pulled onto nearest floor of M09aa_08b (room too large to centre in),"165,132",True,True
tar_m09aa,m09aa,0,20,tar09_mnelevator,40105,Elevator,36.6801109,-8.24771118,36.6515007,-13.8782997,"366,189","366,206",17.0,transition,low,auto,"the only exit nearby is door ptar_elevdoor -> tar_m09ab (Taris - Sith Base), 17 px away; matched on position, not name","366,206",True,True
tar_m09ab,m09ab,0,0,SW_MAPNOTE001,40497,To Sith Base,66.5625763,-10.7532301,66.5720978,-11.6756001,"200,202","200,210",8.0,transition,high,auto,"names door tar09_elevdoor -> tar_m09aa (Taris - Sith Base), name match 1.00","200,210",True,True
tar_m10aa,m10aa,0,30,SW_MAPNOTE001,40804,To Sewers,196.094955,142.45755,196.179993,144.339005,"334,21","334,17",4.0,transition,high,auto,"names door tar10_elev03 -> tar_m05ab (Taris - Upper Sewers), name match 1.00","334,17",True,True
tar_m10aa,m10aa,0,31,SW_MAPNOTE001,40496,To Lower City,153.355438,69.2899323,153.240005,57.0032005,"228,189","228,217",28.0,transition,medium,auto,"names door ptar_secdoor -> tar_m03aa (Taris - Lower City), name match 1.00","228,217",True,True
tar_m10aa,m10aa,0,32,SW_MAPNOTE001,40877,To Garage,137.743637,138.355179,137.826996,139.834,"189,30","189,27",3.0,transition,medium,auto,"the only exit nearby is door tar10_elev02 -> tar_m10ac (Taris - Black Vulkar Base), 3 px away; matched on position, not name","189,27",True,True
tar_m10aa,m10aa,0,40,tar10_mnbarracks,40879,Barracks,105.176666,94.155365,107.614818,95.0083795,"108,132","114,130",6.3,room_centre,medium,auto,"sole note in room M10aa_12a (78 px across), only note in it","114,130",True,True
tar_m10aa,m10aa,0,42,tar10_mnrecroom,46433,Rec Room,185.312317,99.6607361,185.557276,101.717338,"307,119","308,114",5.1,room_centre,medium,auto,"sole note in room M10aa_03a (69 px across), only note in it","308,114",True,True
tar_m10ac,m10ac,0,24,SW_MAPNOTE001,40895,To Main Base,65.4460907,94.5281982,65.4082031,96.4003983,"185,63","185,57",6.0,transition,medium,auto,"names door tar10_elevator -> tar_m10aa (Taris - Black Vulkar Base), name match 0.50","185,57",True,True
tar_m11aa,m11aa,0,23,SW_MAPNOTE001,40496,To Lower City,70.7620392,29.5888233,70.5766983,27.9354,"212,220","212,224",4.0,transition,high,auto,"names door ptar_secdoor -> tar_m03aa (Taris - Lower City), name match 1.00","212,224",True,True
tar_m11aa,m11aa,0,27,tar11_mnbar,46553,Bar,31.5603943,78.6446762,27.7576084,78.1931915,"117,105","107,106",10.0,object,high,auto,"names the sound 'Bar Loop' (SoundList), 10 px away, name match 1.00","107,106",True,True
tar_m11aa,m11aa,0,29,tar11_mnelevator,40105,Elevator,70.4219208,103.84761,70.4722977,97.5236969,"211,45","211,60",15.0,transition,low,auto,"the only exit nearby is door ptar_secdoor -> tar_m11ab (Taris - Hidden Bek Base), 15 px away; matched on position, not name","211,60",True,True
tar_m11ab,m11ab,0,1,SW_MAPNOTE001,40895,To Main Base,23.1023998,28.9896584,23.1284008,30.7840004,"215,86","215,69",17.0,transition,medium,auto,"names door ptar_secdoor -> tar_m11aa (Taris - Hidden Bek Base), name match 0.50","215,69",True,True
tat_m17aa,m17aa,0,41,SW_MAPNOTE001,41005,Spaceport,94.165062,146.870941,90.4103012,148.153,"106,50","99,48",7.3,object,high,auto,"names the door 'Spaceport' (Door List), 7 px away, name match 1.00","99,48",True,True
tat_m17aa,m17aa,0,42,SW_MAPNOTE001,41006,Hunting Lodge,124.882301,128.988541,123.461998,131.362,"156,78","153,74",5.0,transition,high,auto,"names door TatooineTransition -> tat_m17ad (Tatooine - Hunting Lodge), name match 1.00","153,74",True,True
tat_m17aa,m17aa,0,43,SW_MAPNOTE001,41007,Czerka Office,131.155991,106.948196,134.106995,106.012001,"166,112","171,114",5.4,transition,high,auto,"names door TatooineTransition -> tat_m17ag (Tatooine - Czerka Office), name match 1.00","171,114",True,True
tat_m17aa,m17aa,0,44,SW_MAPNOTE001,41008,Swoop Registration,142.231476,66.739563,141.100998,63.1787987,"184,176","182,181",5.4,transition,high,auto,"names door TatooineTransition -> tat_m17ae (Tatooine - Swoop Registration), name match 1.00","182,181",True,True
tat_m17aa,m17aa,0,45,SW_MAPNOTE001,34552,Cantina,209.669022,66.31884,208.707993,63.8116989,"294,176","293,180",4.1,transition,high,auto,"names door TatooineTransition -> tat_m17af (Tatooine - Cantina), name match 1.00","293,180",True,True
tat_m17aa,m17aa,0,46,SW_MAPNOTE001,33406,Droid Shop,226.988785,141.562531,228.557999,146.048996,"323,58","325,51",7.3,transition,high,auto,"names door TatooineTransition -> tat_m17ac (Tatooine - Droid Shop), name match 1.00","325,51",True,True
tat_m17ab,m17ab,0,15,SW_MAPNOTE001,33404,Ebon Hawk,-3.07367015,-11.082098,-5.03930306,-8.06017041,"201,129","194,118",13.0,transition,high,auto,"names trigger EbonHawk -> ebo_m12aa (To the Ebon Hawk), name match 1.00","194,118",True,True
tat_m17ab,m17ab,0,16,SW_MAPNOTE001,33461,Exit,7.46804047,-42.7853317,8.97951984,-46.0642014,"240,238","245,249",12.1,transition,low,auto,"the only exit nearby is door TatooineDoor2 -> tat_m17aa (Tatooine - Anchorhead), 12 px away; matched on position, not name","245,249",True,True
tat_m17ac,m17ac,0,1,SW_MAPNOTE001,33461,Exit,6.87674046,4.33342123,8.57460976,3.6666801,"279,85","299,92",21.2,transition,low,auto,"the only exit nearby is door TatooineDoor1 -> tat_m17aa (Tatooine - Anchorhead), 21 px away; matched on position, not name","299,92",True,True
tat_m17ad,m17ad,0,2,SW_MAPNOTE001,33461,Exit,6.53828621,4.5365591,8.57460976,3.6666801,"275,84","297,93",23.8,transition,low,auto,"the only exit nearby is door TatooineDoor1 -> tat_m17aa (Tatooine - Anchorhead), 24 px away; matched on position, not name","297,93",True,True
tat_m17ae,m17ae,0,2,SW_MAPNOTE001,33461,Exit,6.39369583,4.75713778,8.57460976,3.6666801,"305,74","330,87",28.2,transition,low,auto,"the only exit nearby is door TatooineDoor1 -> tat_m17aa (Tatooine - Anchorhead), 28 px away; matched on position, not name","330,87",True,True
tat_m17af,m17af,0,3,SW_MAPNOTE001,33461,Exit,5.9835887,4.71984196,8.57460976,3.6666801,"272,77","300,89",30.5,transition,low,auto,"the only exit nearby is door TatooineDoor1 -> tat_m17aa (Tatooine - Anchorhead), 30 px away; matched on position, not name","300,89",True,True
tat_m17ag,m17ae,0,3,SW_MAPNOTE001,33461,Exit,6.44573498,4.76297569,8.57460976,3.6666801,"305,74","330,87",28.2,transition,low,auto,"the only exit nearby is door TatooineDoor1 -> tat_m17aa (Tatooine - Anchorhead), 28 px away; matched on position, not name","330,87",True,True
tat_m18aa,m18aa,0,65,SW_MAPNOTE001,41151,To the Eastern Dune Sea,341.576904,146.577774,345.155891,144.962128,"301,162","304,163",3.2,transition,high,auto,"names trigger AreaTransition -> tat_m18ac (To the Eastern Dune Sea), name match 1.00","304,163",True,True
tat_m18ab,m18ab,0,51,SW_MAPNOTE001,41155,Sand People Enclave,156.112259,22.8297958,154.481995,14.5586996,"190,224","189,230",6.1,transition,high,auto,"names door TatooineDoor3 -> tat_m20aa (Sand People Enclave), name match 1.00","189,230",True,True
tat_m20aa,m20aa,0,15,SW_MAPNOTE001,33461,Exit,-28.2585697,66.4471741,-30.0263004,66.6448975,"68,126","60,125",8.1,transition,medium,auto,"the only exit nearby is door TatooineDoor3 -> tat_m18ab (Tatooine - Sand People Territory), 8 px away; matched on position, not name","60,125",True,True
unk_m41ac,m41ac,0,19,blackrakata,41362,To Rakatan Settlement,195.28006,198.238525,200.371002,201.128998,"235,76","241,72",7.2,transition,high,auto,"names door unk41_blkdoor -> unk_m43aa (Unknown World - Rakatan Settlement), name match 1.00","241,72",True,True
unk_m41ad,m41ad,0,10,temple,41715,Temple Entrance,256.035645,131.157242,264.292371,131.809882,"270,96","281,95",11.0,transition,medium,auto,"names trigger AreaTransition -> unk_m44aa (Unknown World - Temple Interior), name match 0.50","281,95",True,True
unk_m42aa,m42aa,1,20,southbeach,41714,To South Beach,52.6906281,28.0567398,52.5007019,24.7520008,"223,16","223,12",4.0,transition,high,auto,"names door RakataDoor2 -> unk_m41ab (Unknown World - South Beach), name match 1.00","223,12",True,True
unk_m44aa,m44aa,3,48,summit,41777,To Summit,101.125916,77.7575455,101.172997,79.2839966,"245,143","249,143",4.0,transition,high,auto,"names door unk44_basedoor -> unk_m44ac (Unknown World - Temple Summit), name match 1.00","249,143",True,True
unk_m44aa,m44aa,3,49,catacomb,41770,To Catacombs,89.7015991,65.9440384,89.9400024,59.3249016,"220,121","206,121",14.0,transition,high,auto,"names door unk44_basedoor -> unk_m44ab (Unknown World - Temple Catacombs), name match 1.00","206,121",True,True
unk_m44aa,m44aa,3,52,seccomp2,41774,Security Computer,65.2909393,84.1167984,60.174145,84.6495253,"259,72","260,62",10.0,room_centre,medium,auto,"sole note in room m44aa_15a (35 px across), only note in it","260,62",True,True
unk_m44aa,m44aa,3,73,MassiveDoor,41759,Massive Door,95.7736053,46.080452,95.3905029,44.9770012,"178,133","175,132",3.2,object,high,auto,"names the door 'Massive Door' (Door List), 3 px away, name match 1.00","175,132",True,True
unk_m44ab,m44ab,2,5,main,41800,To Main Level,58.2729492,53.1442375,58.125,52.5,"355,163","358,164",3.2,transition,medium,auto,"the only exit nearby is door RakataDoor4 -> unk_m44aa (Unknown World - Temple Interior), 3 px away; matched on position, not name","358,164",True,True
unk_m44ac,m44ac,1,10,main,41800,To Main Level,58.1608238,54.1088104,58.125,52.5,"377,87","377,83",4.0,transition,medium,auto,"the only exit nearby is door unk44_tpllckdoor -> unk_m44aa (Unknown World - Temple Interior), 4 px away; matched on position, not name","377,83",True,True
