module,area,area_name,image,canvas_w,canvas_h,zoom,panel_x0,panel_y0,panel_w,panel_h,fiducials,marker_number,note_index,tag,strref,name,vanilla_px,vanilla_world_x,vanilla_world_y,anchor_img_x,anchor_img_y,badge_img_x,badge_img_y,nearest_note_px,crowded,off_map,live_px,live_img_x,live_img_y,north_axis
danm13,m13aa,Dantooine - Jedi Enclave,danm13.png,2404,1230,4,28,84,1760,1024,"18,18 2385,18 18,1211 2385,1211",1,32,SW_WAYPOINT001,33403,To Outer Courtyard,"261,72",82.4650726,125.256119,1074.0,374.0,1104.0,344.0,99.6,False,False,"262,69",1078.0,362.0,3
danm13,m13aa,Dantooine - Jedi Enclave,danm13.png,2404,1230,4,28,84,1760,1024,"18,18 2385,18 18,1211 2385,1211",2,33,SW_WAYPOINT001,33404,Ebon Hawk,"212,196",192.317352,81.6225586,878.0,870.0,908.0,840.0,45.5,False,False,"213,192",882.0,854.0,3
danm13,m13aa,Dantooine - Jedi Enclave,danm13.png,2404,1230,4,28,84,1760,1024,"18,18 2385,18 18,1211 2385,1211",3,34,SW_WAYPOINT001,42974,Aratech Mercantile,"250,171",170.377197,115.175217,1030.0,770.0,1060.0,740.0,45.5,False,False,"238,170",982.0,766.0,3
danm13,m13aa,Dantooine - Jedi Enclave,danm13.png,2404,1230,4,28,84,1760,1024,"18,18 2385,18 18,1211 2385,1211",4,35,SW_WAYPOINT001,33407,Jedi Council Chamber,"161,93",100.891403,36.4466171,674.0,458.0,704.0,428.0,102.2,False,False,"164,90",686.0,446.0,3
danm14aa,m14aa,Dantooine - Courtyard,danm14aa.png,2404,1230,4,28,84,1760,1024,"18,18 2385,18 18,1211 2385,1211",1,15,dan14_mapnote,33411,Strange Ruins,"380,166",339.04425,82.4378281,1550.0,750.0,1580.0,720.0,59.6,False,False,"375,161",1530.0,730.0,0
danm14aa,m14aa,Dantooine - Courtyard,danm14aa.png,2404,1230,4,28,84,1760,1024,"18,18 2385,18 18,1211 2385,1211",2,26,SW_WAYPOINT001,33412,To Jedi Enclave,"127,158",109.168137,90.536911,538.0,718.0,568.0,688.0,70.6,False,False,"124,155",526.0,706.0,0
danm14aa,m14aa,Dantooine - Courtyard,danm14aa.png,2404,1230,4,28,84,1760,1024,"18,18 2385,18 18,1211 2385,1211",3,27,SW_WAYPOINT001,33413,Path South,"195,177",170.375595,71.7239609,810.0,794.0,840.0,764.0,70.6,False,False,,,,0
danm14aa,m14aa,Dantooine - Courtyard,danm14aa.png,2404,1230,4,28,84,1760,1024,"18,18 2385,18 18,1211 2385,1211",4,28,SW_WAYPOINT001,33413,Path South,"325,189",288.929291,59.2873268,1330.0,842.0,1360.0,812.0,59.6,False,False,"323,192",1322.0,854.0,0
danm14ab,m14ab,Dantooine - Matale Grounds,danm14ab.png,2404,1230,4,28,84,1760,1024,"18,18 2385,18 18,1211 2385,1211",1,19,SW_WAYPOINT001,33424,Matale Estate,"208,139",327.263672,98.5051575,862.0,642.0,892.0,612.0,161.3,False,False,,,,0
danm14ab,m14ab,Dantooine - Matale Grounds,danm14ab.png,2404,1230,4,28,84,1760,1024,"18,18 2385,18 18,1211 2385,1211",2,20,SW_WAYPOINT001,33425,Path North,"45,81",146.58905,167.897491,210.0,410.0,240.0,380.0,58.0,False,False,"41,74",194.0,382.0,0
danm14ab,m14ab,Dantooine - Matale Grounds,danm14ab.png,2404,1230,4,28,84,1760,1024,"18,18 2385,18 18,1211 2385,1211",3,21,SW_WAYPOINT001,33413,Path South,"45,139",146.402481,99.2844925,210.0,642.0,240.0,612.0,58.0,False,False,"33,140",162.0,646.0,0
danm14ab,m14ab,Dantooine - Matale Grounds,danm14ab.png,2404,1230,4,28,84,1760,1024,"18,18 2385,18 18,1211 2385,1211",4,22,SW_WAYPOINT001,33425,Path North,"367,112",503.272247,131.312317,1498.0,534.0,1528.0,504.0,67.7,False,False,"368,108",1502.0,518.0,0
danm14ab,m14ab,Dantooine - Matale Grounds,danm14ab.png,2404,1230,4,28,84,1760,1024,"18,18 2385,18 18,1211 2385,1211",5,23,SW_WAYPOINT001,33413,Path South,"377,179",514.35199,50.5212097,1538.0,802.0,1568.0,772.0,67.7,False,False,"375,188",1530.0,838.0,0
danm14ac,m14ac,Dantooine - Grove,danm14ac.png,2404,1230,4,28,84,1760,1024,"18,18 2385,18 18,1211 2385,1211",1,27,SW_WAYPOINT001,33425,Path North,"79,45",285.484314,430.294037,346.0,266.0,376.0,236.0,85.5,False,False,"66,31",294.0,210.0,0
danm14ac,m14ac,Dantooine - Grove,danm14ac.png,2404,1230,4,28,84,1760,1024,"18,18 2385,18 18,1211 2385,1211",2,28,SW_WAYPOINT001,33425,Path North,"329,33",407.099609,436.566742,1346.0,218.0,1376.0,188.0,125.8,False,False,"326,26",1334.0,190.0,0
danm14ac,m14ac,Dantooine - Grove,danm14ac.png,2404,1230,4,28,84,1760,1024,"18,18 2385,18 18,1211 2385,1211",3,29,SW_WAYPOINT001,33413,Path South,"258,200",372.878876,350.67514,1062.0,886.0,1092.0,856.0,143.8,False,False,"254,217",1046.0,954.0,0
danm14ac,m14ac,Dantooine - Grove,danm14ac.png,2404,1230,4,28,84,1760,1024,"18,18 2385,18 18,1211 2385,1211",4,30,SW_WAYPOINT001,33413,Path South,"70,130",280.985107,386.403809,310.0,606.0,340.0,576.0,85.5,False,False,"68,144",302.0,662.0,0
danm14ac,m14ac,Dantooine - Grove,danm14ac.png,2404,1230,4,28,84,1760,1024,"18,18 2385,18 18,1211 2385,1211",5,31,MN_grove,33453,Ancient Grove,"390,143",437.278503,380.109253,1590.0,658.0,1620.0,628.0,125.8,False,False,,,,0
danm14ad,m14ad,Dantooine - Sandral Grounds,danm14ad.png,2404,1230,4,28,84,1760,1024,"18,18 2385,18 18,1211 2385,1211",1,22,mapnote,33459,Sandral Estate,"78,134",336.331268,145.387039,342.0,622.0,372.0,592.0,85.2,False,False,"81,139",354.0,642.0,0
danm14ad,m14ad,Dantooine - Sandral Grounds,danm14ad.png,2404,1230,4,28,84,1760,1024,"18,18 2385,18 18,1211 2385,1211",2,23,SW_WAYPOINT001,33460,Cave Entrance,"414,171",562.570068,117.476196,1686.0,770.0,1716.0,740.0,66.5,False,False,"411,168",1674.0,758.0,0
danm14ad,m14ad,Dantooine - Sandral Grounds,danm14ad.png,2404,1230,4,28,84,1760,1024,"18,18 2385,18 18,1211 2385,1211",3,24,SW_WAYPOINT001,33425,Path North,"367,124",531.232605,152.875092,1498.0,582.0,1528.0,552.0,66.5,False,False,"377,110",1538.0,526.0,0
danm14ad,m14ad,Dantooine - Sandral Grounds,danm14ad.png,2404,1230,4,28,84,1760,1024,"18,18 2385,18 18,1211 2385,1211",4,25,SW_WAYPOINT001,33425,Path North,"110,55",357.586731,204.628983,470.0,306.0,500.0,276.0,85.2,False,False,"111,52",474.0,294.0,0
danm14ae,m14ae,Dantooine - Crystal Cave,danm14ae.png,2404,1230,4,28,84,1760,1024,"18,18 2385,18 18,1211 2385,1211",1,1,SW_WAYPOINT001,33461,Exit,"60,190",13.5985374,151.774033,270.0,846.0,300.0,816.0,343.5,False,False,"43,192",202.0,854.0,0
danm14ae,m14ae,Dantooine - Crystal Cave,danm14ae.png,2404,1230,4,28,84,1760,1024,"18,18 2385,18 18,1211 2385,1211",2,17,SW_WAYPOINT001,39324,Crystal Formation,"383,73",112.471443,188.602737,1562.0,378.0,1592.0,348.0,343.5,False,False,,,,0
danm15,m15aa,Dantooine - Ruins,danm15.png,2404,1230,4,28,84,1760,1024,"18,18 2385,18 18,1211 2385,1211",1,2,SW_WAYPOINT001,33461,Exit,"203,56",147.482468,91.9137802,842.0,310.0,872.0,280.0,160.0,False,False,,,,1
danm15,m15aa,Dantooine - Ruins,danm15.png,2404,1230,4,28,84,1760,1024,"18,18 2385,18 18,1211 2385,1211",2,3,SW_WAYPOINT001,33475,Star Map,"203,216",147.537247,188.215637,842.0,950.0,872.0,920.0,160.0,False,False,,,,1
danm16,m16aa,Dantooine - Sandral Estate,danm16.png,2404,1230,4,28,84,1760,1024,"18,18 2385,18 18,1211 2385,1211",1,21,SW_WAYPOINT001,33461,Exit,"226,29",45.3330536,30.6085815,934.0,202.0,964.0,172.0,82.3,False,False,,,,1
danm16,m16aa,Dantooine - Sandral Estate,danm16.png,2404,1230,4,28,84,1760,1024,"18,18 2385,18 18,1211 2385,1211",2,22,SW_WAYPOINT001,33461,Exit,"325,151",19.6141396,63.6265411,1330.0,690.0,1360.0,660.0,83.2,False,False,"331,149",1354.0,682.0,1
danm16,m16aa,Dantooine - Sandral Estate,danm16.png,2404,1230,4,28,84,1760,1024,"18,18 2385,18 18,1211 2385,1211",3,33,SW_MAPNOTE001,43297,Holding Cell,"255,106",37.9189835,51.4302139,1050.0,510.0,1080.0,480.0,82.3,False,False,,,,1
ebo_m12aa,m12aa,Ebon Hawk,ebo_m12aa.png,2404,1230,4,28,84,1760,1024,"18,18 2385,18 18,1211 2385,1211",1,46,Cargo,39412,Cargo Hold,"144,172",27.3722343,30.5576344,606.0,774.0,636.0,744.0,75.1,False,False,"160,168",670.0,758.0,0
ebo_m12aa,m12aa,Ebon Hawk,ebo_m12aa.png,2404,1230,4,28,84,1760,1024,"18,18 2385,18 18,1211 2385,1211",2,47,Cockpit,39414,Cockpit,"228,17",52.7783394,80.174881,942.0,154.0,972.0,124.0,103.8,False,False,"227,28",938.0,198.0,0
ebo_m12aa,m12aa,Ebon Hawk,ebo_m12aa.png,2404,1230,4,28,84,1760,1024,"18,18 2385,18 18,1211 2385,1211",3,48,PortQuarters,39415,Crew Quarters,"131,98",23.2197571,54.2395248,554.0,478.0,584.0,448.0,75.1,False,False,"131,108",554.0,518.0,0
ebo_m12aa,m12aa,Ebon Hawk,ebo_m12aa.png,2404,1230,4,28,84,1760,1024,"18,18 2385,18 18,1211 2385,1211",4,49,Swoop,39416,Swoop Hangar,"284,182",69.9854584,27.4138718,1166.0,814.0,1196.0,784.0,72.7,False,False,"265,166",1090.0,750.0,0
ebo_m12aa,m12aa,Ebon Hawk,ebo_m12aa.png,2404,1230,4,28,84,1760,1024,"18,18 2385,18 18,1211 2385,1211",5,50,Starboard,39415,Crew Quarters,"319,92",80.764389,56.2321472,1306.0,454.0,1336.0,424.0,48.5,False,False,"314,107",1286.0,514.0,0
ebo_m12aa,m12aa,Ebon Hawk,ebo_m12aa.png,2404,1230,4,28,84,1760,1024,"18,18 2385,18 18,1211 2385,1211",6,51,Engine,39417,Engine Room,"217,244",49.4640312,7.27915573,898.0,1062.0,928.0,1032.0,91.3,False,False,"217,212",898.0,934.0,0
ebo_m12aa,m12aa,Ebon Hawk,ebo_m12aa.png,2404,1230,4,28,84,1760,1024,"18,18 2385,18 18,1211 2385,1211",7,52,sw_exit,39418,Exit Ramp,"274,110",66.9202194,50.4058647,1126.0,526.0,1156.0,496.0,48.5,False,False,"275,115",1130.0,546.0,0
ebo_m41aa,m12aa,Ebon Hawk,ebo_m41aa.png,2404,1230,4,28,84,1760,1024,"18,18 2385,18 18,1211 2385,1211",1,15,cargo,39412,Cargo Hold,"146,170",27.819416,31.0983524,614.0,766.0,644.0,736.0,71.8,False,False,"160,168",670.0,758.0,0
ebo_m41aa,m12aa,Ebon Hawk,ebo_m41aa.png,2404,1230,4,28,84,1760,1024,"18,18 2385,18 18,1211 2385,1211",2,16,portquarters,39415,Crew Quarters,"126,101",21.6745911,53.2886353,534.0,490.0,564.0,460.0,71.8,False,False,"131,108",554.0,518.0,0
ebo_m41aa,m12aa,Ebon Hawk,ebo_m41aa.png,2404,1230,4,28,84,1760,1024,"18,18 2385,18 18,1211 2385,1211",3,17,SwoopRacer,39416,Swoop Hangar,"280,185",68.7210083,26.4141407,1150.0,826.0,1180.0,796.0,59.3,False,False,"265,166",1090.0,750.0,0
ebo_m41aa,m12aa,Ebon Hawk,ebo_m41aa.png,2404,1230,4,28,84,1760,1024,"18,18 2385,18 18,1211 2385,1211",4,18,exit,33461,Exit,"274,126",66.9621277,45.197422,1126.0,590.0,1156.0,560.0,48.5,False,False,"272,117",1118.0,554.0,0
ebo_m41aa,m12aa,Ebon Hawk,ebo_m41aa.png,2404,1230,4,28,84,1760,1024,"18,18 2385,18 18,1211 2385,1211",5,19,SW_MAPNOTE001,39414,Cockpit,"225,22",51.9131927,78.6615601,930.0,174.0,960.0,144.0,115.0,False,False,"227,28",938.0,198.0,0
ebo_m41aa,m12aa,Ebon Hawk,ebo_m41aa.png,2404,1230,4,28,84,1760,1024,"18,18 2385,18 18,1211 2385,1211",6,20,Starboard,39415,Crew Quarters,"319,108",80.581749,51.1631241,1306.0,518.0,1336.0,488.0,48.5,False,False,"314,107",1286.0,514.0,0
ebo_m41aa,m12aa,Ebon Hawk,ebo_m41aa.png,2404,1230,4,28,84,1760,1024,"18,18 2385,18 18,1211 2385,1211",7,21,SW_MAPNOTE001,39417,Engine Room,"217,241",49.4663734,8.40962029,898.0,1050.0,928.0,1020.0,84.3,False,False,"217,212",898.0,934.0,0
ebo_m46ab,m46aa,Prison,ebo_m46ab.png,2404,1230,4,28,84,1760,1024,"18,18 2385,18 18,1211 2385,1211",1,4,SW_MAPNOTE001,39448,Strange Obelisks,"227,74",100.22187,123.704697,938.0,382.0,968.0,352.0,999.0,False,False,,,,0
end_m01aa,m01aa,Endar Spire - Command Module,end_m01aa.png,2404,1230,4,28,84,1760,1024,"18,18 2385,18 18,1211 2385,1211",1,6,SW_WAYPOINT001,34305,Bridge,"406,130",34.2802582,155.6745,1654.0,606.0,1684.0,576.0,98.5,False,False,,,,3
end_m01aa,m01aa,Endar Spire - Command Module,end_m01aa.png,2404,1230,4,28,84,1760,1024,"18,18 2385,18 18,1211 2385,1211",2,7,SW_WAYPOINT001,43391,Escape Pod Access,"311,156",45.0139351,120.18956,1274.0,710.0,1304.0,680.0,98.5,False,False,,,,3
end_m01aa,m01aa,Endar Spire - Command Module,end_m01aa.png,2404,1230,4,28,84,1760,1024,"18,18 2385,18 18,1211 2385,1211",3,18,SW_WAYPOINT001,39590,Quarters,"48,82",14.9991999,21.4336128,222.0,414.0,252.0,384.0,273.2,False,False,"52,83",238.0,418.0,3
end_m01ab,m01ab,Endar Spire - Starboard Section,end_m01ab.png,2404,1230,4,28,84,1760,1024,"18,18 2385,18 18,1211 2385,1211",1,6,SW_WAYPOINT001,34353,Escape Pods,"55,197",82.8280487,42.3063354,250.0,874.0,280.0,844.0,999.0,False,False,,,,3
kas_m22aa,m22aa,Kashyyyk - Czerka Landing Port,kas_m22aa.png,2404,1230,4,28,84,1760,1024,"18,18 2385,18 18,1211 2385,1211",1,46,SW_MAPNOTE001,33404,Ebon Hawk,"93,208",54.8121414,50.9973755,402.0,918.0,432.0,888.0,250.3,False,False,"87,210",378.0,926.0,0
kas_m22aa,m22aa,Kashyyyk - Czerka Landing Port,kas_m22aa.png,2404,1230,4,28,84,1760,1024,"18,18 2385,18 18,1211 2385,1211",2,47,SW_MAPNOTE001,39700,To the Great Walkway,"335,26",166.228363,140.869797,1370.0,190.0,1400.0,160.0,126.0,False,False,"338,25",1382.0,186.0,0
kas_m22aa,m22aa,Kashyyyk - Czerka Landing Port,kas_m22aa.png,2404,1230,4,28,84,1760,1024,"18,18 2385,18 18,1211 2385,1211",3,48,SW_MAPNOTE001,39701,Janos' Office,"337,152",167.446472,78.8449326,1378.0,694.0,1408.0,664.0,126.0,False,False,"320,145",1310.0,666.0,0
kas_m22ab,m22ab,Kashyyyk - The Great Walkway,kas_m22ab.png,2404,1230,4,28,84,1760,1024,"18,18 2385,18 18,1211 2385,1211",1,32,SW_MAPNOTE001,39721,To the Czerka Dock,"85,71",52.5129089,270.46048,370.0,370.0,400.0,340.0,106.0,False,False,,,,0
kas_m22ab,m22ab,Kashyyyk - The Great Walkway,kas_m22ab.png,2404,1230,4,28,84,1760,1024,"18,18 2385,18 18,1211 2385,1211",2,33,SW_MAPNOTE001,39722,To Rwookrrorro Village,"232,37",228.789261,313.888428,958.0,234.0,988.0,204.0,53.9,False,False,"233,34",962.0,222.0,0
kas_m22ab,m22ab,Kashyyyk - The Great Walkway,kas_m22ab.png,2404,1230,4,28,84,1760,1024,"18,18 2385,18 18,1211 2385,1211",3,34,SW_MAPNOTE001,39723,Supply Station,"191,72",179.975662,269.249268,794.0,374.0,824.0,344.0,53.9,False,False,,,,0
kas_m22ab,m22ab,Kashyyyk - The Great Walkway,kas_m22ab.png,2404,1230,4,28,84,1760,1024,"18,18 2385,18 18,1211 2385,1211",4,35,SW_MAPNOTE001,39724,Basket to the Shadowlands,"292,208",301.529999,97.5049438,1198.0,918.0,1228.0,888.0,169.4,False,False,,,,0
kas_m23aa,m23aa,Kashyyyk - Village of Rwookrrorro,kas_m23aa.png,2404,1230,4,28,84,1760,1024,"18,18 2385,18 18,1211 2385,1211",1,8,SW_MAPNOTE001,39700,To the Great Walkway,"101,42",71.5530472,130.857742,434.0,254.0,464.0,224.0,137.6,False,False,"97,37",418.0,234.0,0
kas_m23aa,m23aa,Kashyyyk - Village of Rwookrrorro,kas_m23aa.png,2404,1230,4,28,84,1760,1024,"18,18 2385,18 18,1211 2385,1211",2,9,SW_MAPNOTE001,39729,Chieftain's Hall,"146,172",94.2319489,65.0962524,614.0,774.0,644.0,744.0,70.5,False,False,,,,0
kas_m23aa,m23aa,Kashyyyk - Village of Rwookrrorro,kas_m23aa.png,2404,1230,4,28,84,1760,1024,"18,18 2385,18 18,1211 2385,1211",3,10,SW_MAPNOTE001,39730,Holder of the Laws,"317,120",180.391647,91.1630096,1298.0,566.0,1328.0,536.0,112.0,False,False,"318,116",1302.0,550.0,0
kas_m23aa,m23aa,Kashyyyk - Village of Rwookrrorro,kas_m23aa.png,2404,1230,4,28,84,1760,1024,"18,18 2385,18 18,1211 2385,1211",4,11,SW_MAPNOTE001,39731,Home of Woorwill,"206,135",124.565742,83.7277451,854.0,626.0,884.0,596.0,70.5,False,False,"213,131",882.0,610.0,0
kas_m23ab,m23ab,Kashyyyk - Woorwill's Home,kas_m23ab.png,2404,1230,4,28,84,1760,1024,"18,18 2385,18 18,1211 2385,1211",1,1,SW_MAPNOTE001,33461,Exit,"271,119",27.8429184,13.3213787,1114.0,562.0,1144.0,532.0,999.0,False,False,"284,127",1166.0,594.0,0
kas_m23ac,m23ac,Kashyyyk - Worrroznor's Home,kas_m23ac.png,2404,1230,4,28,84,1760,1024,"18,18 2385,18 18,1211 2385,1211",1,3,SW_MAPNOTE001,33461,Exit,"287,113",37.5661736,14.6355362,1178.0,538.0,1208.0,508.0,999.0,False,False,"284,120",1166.0,566.0,0
kas_m23ad,m23ad,Kashyyyk - Hall of the Chieftain,kas_m23ad.png,2404,1230,4,28,84,1760,1024,"18,18 2385,18 18,1211 2385,1211",1,8,SW_MAPNOTE001,33461,Exit,"292,90",43.9458542,20.2838707,1198.0,446.0,1228.0,416.0,999.0,False,False,"300,87",1230.0,434.0,0
kas_m24aa,m24aa,Kashyyyk - Upper Shadowlands,kas_m24aa.png,2404,1230,4,28,84,1760,1024,"18,18 2385,18 18,1211 2385,1211",1,23,SW_MAPNOTE001,39782,Basket Up,"106,129",68.3637848,148.274231,454.0,602.0,484.0,572.0,70.6,False,False,,,,0
kas_m24aa,m24aa,Kashyyyk - Upper Shadowlands,kas_m24aa.png,2404,1230,4,28,84,1760,1024,"18,18 2385,18 18,1211 2385,1211",2,24,SW_MAPNOTE001,39783,Jolee's Hut,"176,138",145.285355,137.318695,734.0,638.0,764.0,608.0,70.6,False,False,,,,0
kas_m24aa,m24aa,Kashyyyk - Upper Shadowlands,kas_m24aa.png,2404,1230,4,28,84,1760,1024,"18,18 2385,18 18,1211 2385,1211",3,25,SW_MAPNOTE001,39784,Czerka Hunting Ground,"262,68",241.464615,225.213318,1078.0,358.0,1108.0,328.0,99.7,False,False,,,,0
kas_m24aa,m24aa,Kashyyyk - Upper Shadowlands,kas_m24aa.png,2404,1230,4,28,84,1760,1024,"18,18 2385,18 18,1211 2385,1211",4,26,SW_MAPNOTE001,39785,Forcefield,"352,111",340.63916,170.957672,1438.0,530.0,1468.0,500.0,99.7,False,False,"352,116",1438.0,550.0,0
kas_m25aa,m25aa,Kashyyyk - Lower Shadowlands,kas_m25aa.png,2404,1230,4,28,84,1760,1024,"18,18 2385,18 18,1211 2385,1211",1,31,SW_MAPNOTE001,39891,To Upper Shadowlands,"288,35",184.744797,243.268646,1182.0,226.0,1212.0,196.0,72.0,False,False,"284,32",1166.0,214.0,0
kas_m25aa,m25aa,Kashyyyk - Lower Shadowlands,kas_m25aa.png,2404,1230,4,28,84,1760,1024,"18,18 2385,18 18,1211 2385,1211",2,32,SW_MAPNOTE001,39892,Swoop Bikes,"147,140",30.1987877,117.079559,618.0,646.0,648.0,616.0,92.2,False,False,"144,145",606.0,666.0,0
kas_m25aa,m25aa,Kashyyyk - Lower Shadowlands,kas_m25aa.png,2404,1230,4,28,84,1760,1024,"18,18 2385,18 18,1211 2385,1211",3,33,SW_MAPNOTE001,39893,Computer,"191,221",78.2632294,19.8388367,794.0,970.0,824.0,940.0,92.2,False,False,,,,0
kas_m25aa,m25aa,Kashyyyk - Lower Shadowlands,kas_m25aa.png,2404,1230,4,28,84,1760,1024,"18,18 2385,18 18,1211 2385,1211",4,34,SW_MAPNOTE001,39894,Ritual Marker,"292,200",189.05867,45.5530701,1198.0,886.0,1228.0,856.0,93.1,False,False,"290,209",1190.0,922.0,0
kas_m25aa,m25aa,Kashyyyk - Lower Shadowlands,kas_m25aa.png,2404,1230,4,28,84,1760,1024,"18,18 2385,18 18,1211 2385,1211",5,35,SW_MAPNOTE001,39895,Freyyr,"287,107",183.984253,156.743958,1178.0,514.0,1208.0,484.0,72.0,False,False,,,,0
korr_m33aa,m33aa,Korriban - Dreshdae,korr_m33aa.png,2404,1230,4,28,84,1760,1024,"18,18 2385,18 18,1211 2385,1211",1,39,k33a_map_dreexit,39910,To Korriban,"345,98",243.565186,161.872147,1410.0,478.0,1440.0,448.0,28.1,False,False,"343,95",1402.0,466.0,0
korr_m33aa,m33aa,Korriban - Dreshdae,korr_m33aa.png,2404,1230,4,28,84,1760,1024,"18,18 2385,18 18,1211 2385,1211",2,40,k33a_map_store,34558,Czerka Store,"255,63",189.095703,184.213623,1050.0,338.0,1080.0,308.0,92.3,False,False,"250,69",1030.0,362.0,0
korr_m33aa,m33aa,Korriban - Dreshdae,korr_m33aa.png,2404,1230,4,28,84,1760,1024,"18,18 2385,18 18,1211 2385,1211",3,41,k33a_map_cantina,34552,Cantina,"347,70",245.053879,179.805267,1418.0,366.0,1448.0,336.0,28.1,False,False,,,,0
korr_m33aa,m33aa,Korriban - Dreshdae,korr_m33aa.png,2404,1230,4,28,84,1760,1024,"18,18 2385,18 18,1211 2385,1211",4,65,k33a_map_ebon,34556,To Ebon Hawk,"121,57",107.852074,188.206619,514.0,314.0,544.0,284.0,134.1,False,False,"125,56",530.0,310.0,0
korr_m33ab,m33ab,Korriban - Sith Academy Entrance,korr_m33ab.png,2404,1230,4,28,84,1760,1024,"18,18 2385,18 18,1211 2385,1211",1,14,k33b_map_dreshda,34574,To Dreshdae,"179,153",8.91146851,2.87930441,746.0,698.0,776.0,668.0,144.5,False,False,"180,149",750.0,682.0,0
korr_m33ab,m33ab,Korriban - Sith Academy Entrance,korr_m33ab.png,2404,1230,4,28,84,1760,1024,"18,18 2385,18 18,1211 2385,1211",2,15,k33b_map_sithaca,34576,To Sith Academy,"323,165",81.0619736,-4.0396986,1322.0,746.0,1352.0,716.0,144.5,False,False,"320,162",1310.0,734.0,0
korr_m34aa,m34aa,Korriban - Shyrack Caves,korr_m34aa.png,2404,1230,4,28,84,1760,1024,"18,18 2385,18 18,1211 2385,1211",1,4,k34_map_valley,39926,To Valley,"112,127",6.68578053,150.69989,478.0,594.0,508.0,564.0,115.0,False,False,"115,124",490.0,582.0,0
korr_m34aa,m34aa,Korriban - Shyrack Caves,korr_m34aa.png,2404,1230,4,28,84,1760,1024,"18,18 2385,18 18,1211 2385,1211",2,24,k34_map_renegade,43806,Renegade Sith,"217,174",111.843956,99.7686539,898.0,782.0,928.0,752.0,115.0,False,False,"217,166",898.0,750.0,0
korr_m35aa,m35aa,Korriban - Sith Academy,korr_m35aa.png,2404,1230,4,28,84,1760,1024,"18,18 2385,18 18,1211 2385,1211",1,1,k35_way_pcroom,34654,Bedroom,"141,89",42.7199745,111.575775,594.0,442.0,624.0,412.0,124.8,False,False,"148,91",622.0,450.0,0
korr_m35aa,m35aa,Korriban - Sith Academy,korr_m35aa.png,2404,1230,4,28,84,1760,1024,"18,18 2385,18 18,1211 2385,1211",2,41,k35_map_dreshdae,34574,To Dreshdae,"250,154",121.717903,61.0009346,1030.0,702.0,1060.0,672.0,92.8,False,False,"253,158",1042.0,718.0,0
korr_m35aa,m35aa,Korriban - Sith Academy,korr_m35aa.png,2404,1230,4,28,84,1760,1024,"18,18 2385,18 18,1211 2385,1211",3,51,k35_map_valley,39926,To Valley,"251,30",121.724289,157.423248,1034.0,206.0,1064.0,176.0,121.6,False,False,"252,23",1038.0,178.0,0
korr_m35aa,m35aa,Korriban - Sith Academy,korr_m35aa.png,2404,1230,4,28,84,1760,1024,"18,18 2385,18 18,1211 2385,1211",4,52,k35_map_duelling,39942,Dueling Room,"342,166",188.095032,51.9902992,1398.0,750.0,1428.0,720.0,51.2,False,False,"343,169",1402.0,762.0,0
korr_m35aa,m35aa,Korriban - Sith Academy,korr_m35aa.png,2404,1230,4,28,84,1760,1024,"18,18 2385,18 18,1211 2385,1211",5,53,k35_map_torture,39946,Interrogation Room,"338,115",184.981979,91.7505646,1382.0,546.0,1412.0,516.0,51.2,False,False,,,,0
korr_m36aa,m36aa,Korriban - Valley of Dark Lords,korr_m36aa.png,2404,1230,4,28,84,1760,1024,"18,18 2385,18 18,1211 2385,1211",1,11,k36_way_lashowe,47880,Meeting Place,"228,26",89.1072235,252.16507,942.0,190.0,972.0,160.0,24.3,False,False,,,,0
korr_m36aa,m36aa,Korriban - Valley of Dark Lords,korr_m36aa.png,2404,1230,4,28,84,1760,1024,"18,18 2385,18 18,1211 2385,1211",2,30,k36_map_sithacad,34576,To Sith Academy,"183,239",38.5129242,0.525375366,762.0,1042.0,792.0,1012.0,56.0,False,False,"182,244",758.0,1062.0,0
korr_m36aa,m36aa,Korriban - Valley of Dark Lords,korr_m36aa.png,2404,1230,4,28,84,1760,1024,"18,18 2385,18 18,1211 2385,1211",3,31,k36_map_caves,34676,To Caves,"201,186",58.5631332,63.228775,834.0,830.0,864.0,800.0,56.0,False,False,"211,182",874.0,814.0,0
korr_m36aa,m36aa,Korriban - Valley of Dark Lords,korr_m36aa.png,2404,1230,4,28,84,1760,1024,"18,18 2385,18 18,1211 2385,1211",4,32,k36_map_final,39988,To Naga Sadow's Tomb,"178,25",32.171669,253.072769,742.0,186.0,772.0,156.0,50.0,False,False,"171,24",714.0,182.0,0
korr_m36aa,m36aa,Korriban - Valley of Dark Lords,korr_m36aa.png,2404,1230,4,28,84,1760,1024,"18,18 2385,18 18,1211 2385,1211",5,33,k36_map_second,39990,To Marka Ragnos' Tomb,"174,87",27.4505882,180.172104,726.0,434.0,756.0,404.0,62.1,False,False,"168,87",702.0,434.0,0
korr_m36aa,m36aa,Korriban - Valley of Dark Lords,korr_m36aa.png,2404,1230,4,28,84,1760,1024,"18,18 2385,18 18,1211 2385,1211",6,34,k36_map_third,39991,To Tulak Hord's Tomb,"252,30",117.244095,247.889999,1038.0,206.0,1068.0,176.0,24.3,False,False,"261,30",1074.0,206.0,0
korr_m36aa,m36aa,Korriban - Valley of Dark Lords,korr_m36aa.png,2404,1230,4,28,84,1760,1024,"18,18 2385,18 18,1211 2385,1211",7,35,k36_map_firsttom,39989,To Ajunta Pall's Tomb,"265,90",131.849884,177.10614,1090.0,446.0,1120.0,416.0,61.4,False,False,,,,0
korr_m37aa,m37aa,Korriban - Tomb of Ajunta Pall,korr_m37aa.png,2404,1230,4,28,84,1760,1024,"18,18 2385,18 18,1211 2385,1211",1,9,k37_map_valley,39926,To Valley,"79,136",8.62365723,17.50103,346.0,630.0,376.0,600.0,301.3,False,False,,,,0
korr_m37aa,m37aa,Korriban - Tomb of Ajunta Pall,korr_m37aa.png,2404,1230,4,28,84,1760,1024,"18,18 2385,18 18,1211 2385,1211",2,12,k37_map_sarc,40008,Sith Sarcophagus,"380,123",146.031372,23.4254932,1550.0,578.0,1580.0,548.0,301.3,False,False,,,,0
korr_m38aa,m38ab,Korriban - Tomb of Marka Ragnos,korr_m38aa.png,2404,1230,4,28,84,1760,1024,"18,18 2385,18 18,1211 2385,1211",1,5,k38a_map_valley,39926,To Valley,"48,123",13.2981415,74.555481,222.0,578.0,252.0,548.0,331.0,False,False,"47,120",218.0,566.0,0
korr_m38aa,m38ab,Korriban - Tomb of Marka Ragnos,korr_m38aa.png,2404,1230,4,28,84,1760,1024,"18,18 2385,18 18,1211 2385,1211",2,9,k38a_map_sarcoph,40008,Sith Sarcophagus,"379,123",149.857773,74.6092148,1546.0,578.0,1576.0,548.0,331.0,False,False,,,,0
korr_m38ab,m38aa,Korriban - Tomb of Tulak Hord,korr_m38ab.png,2404,1230,4,28,84,1760,1024,"18,18 2385,18 18,1211 2385,1211",1,13,k38b_map_valley,39926,To Valley,"44,112",8.89037323,54.5649223,206.0,534.0,236.0,504.0,344.2,False,False,"47,109",218.0,522.0,0
korr_m38ab,m38aa,Korriban - Tomb of Tulak Hord,korr_m38ab.png,2404,1230,4,28,84,1760,1024,"18,18 2385,18 18,1211 2385,1211",2,16,k38b_map_sarc,40008,Sith Sarcophagus,"385,65",147.751923,74.4128265,1570.0,346.0,1600.0,316.0,344.2,False,False,,,,0
korr_m39aa,m39aa,Korriban - Tomb of Naga Sadow,korr_m39aa.png,2404,1230,4,28,84,1760,1024,"18,18 2385,18 18,1211 2385,1211",1,13,k39_map_valley,39926,To Valley,"219,30",8.52714539,107.092384,906.0,206.0,936.0,176.0,192.0,False,False,"217,22",898.0,174.0,3
korr_m39aa,m39aa,Korriban - Tomb of Naga Sadow,korr_m39aa.png,2404,1230,4,28,84,1760,1024,"18,18 2385,18 18,1211 2385,1211",2,19,k39_map_starmap,40066,Star Map,"219,222",129.76123,107.42012,906.0,974.0,936.0,944.0,192.0,False,False,,,,3
lev_m40aa,m40aa,Leviathan - Prison Block,lev_m40aa.png,2404,1230,4,28,84,1760,1024,"18,18 2385,18 18,1211 2385,1211",1,37,SW_MAPNOTE001,40105,Elevator,"394,132",186.640945,78.5432587,1606.0,614.0,1636.0,584.0,124.8,False,False,"381,131",1554.0,610.0,0
lev_m40aa,m40aa,Leviathan - Prison Block,lev_m40aa.png,2404,1230,4,28,84,1760,1024,"18,18 2385,18 18,1211 2385,1211",2,81,lev40_mnbarracks2,40879,Barracks,"229,219",103.962982,28.0872116,946.0,962.0,976.0,932.0,61.7,False,False,,,,0
lev_m40aa,m40aa,Leviathan - Prison Block,lev_m40aa.png,2404,1230,4,28,84,1760,1024,"18,18 2385,18 18,1211 2385,1211",3,82,lev40_mncell2,44173,Cell Block,"284,191",131.549713,44.0536766,1166.0,850.0,1196.0,820.0,61.7,False,False,,,,0
lev_m40aa,m40aa,Leviathan - Prison Block,lev_m40aa.png,2404,1230,4,28,84,1760,1024,"18,18 2385,18 18,1211 2385,1211",4,83,lev40_mndroid,44174,Droid Maintenance,"149,105",63.4722137,94.0869446,626.0,506.0,656.0,476.0,56.1,False,False,,,,0
lev_m40aa,m40aa,Leviathan - Prison Block,lev_m40aa.png,2404,1230,4,28,84,1760,1024,"18,18 2385,18 18,1211 2385,1211",5,84,lev40_mnmedical,44175,Medical,"152,161",65.1153412,61.8872566,638.0,730.0,668.0,700.0,56.1,False,False,"151,157",634.0,714.0,0
lev_m40aa,m40aa,Leviathan - Prison Block,lev_m40aa.png,2404,1230,4,28,84,1760,1024,"18,18 2385,18 18,1211 2385,1211",6,85,lev40_mndetention,44176,Detention,"77,168",27.4821415,57.583786,338.0,758.0,368.0,728.0,75.3,False,False,,,,0
lev_m40ab,m40ab,Leviathan - Command Deck,lev_m40ab.png,2404,1230,4,28,84,1760,1024,"18,18 2385,18 18,1211 2385,1211",1,19,SW_MAPNOTE001,40105,Elevator,"46,130",12.5119114,54.4334717,214.0,606.0,244.0,576.0,110.4,False,False,"64,128",286.0,598.0,0
lev_m40ab,m40ab,Leviathan - Command Deck,lev_m40ab.png,2404,1230,4,28,84,1760,1024,"18,18 2385,18 18,1211 2385,1211",2,20,lev40_mndroid,40102,Droid Bay,"157,184",53.3912926,33.1839676,658.0,822.0,688.0,792.0,57.2,False,False,"161,180",674.0,806.0,0
lev_m40ab,m40ab,Leviathan - Command Deck,lev_m40ab.png,2404,1230,4,28,84,1760,1024,"18,18 2385,18 18,1211 2385,1211",3,21,lev40_mnarmory,40113,Armory,"254,173",89.2015457,37.6485367,1046.0,778.0,1076.0,748.0,59.8,False,False,,,,0
lev_m40ab,m40ab,Leviathan - Command Deck,lev_m40ab.png,2404,1230,4,28,84,1760,1024,"18,18 2385,18 18,1211 2385,1211",4,22,SW_MAPNOTE001,40114,To Bridge,"389,129",138.909103,54.6417542,1586.0,602.0,1616.0,572.0,64.4,False,False,,,,0
lev_m40ab,m40ab,Leviathan - Command Deck,lev_m40ab.png,2404,1230,4,28,84,1760,1024,"18,18 2385,18 18,1211 2385,1211",5,23,SW_MAPNOTE001,40115,To Bridge Storage,"344,83",122.344185,72.7147903,1406.0,418.0,1436.0,388.0,50.2,False,False,"346,79",1414.0,402.0,0
lev_m40ab,m40ab,Leviathan - Command Deck,lev_m40ab.png,2404,1230,4,28,84,1760,1024,"18,18 2385,18 18,1211 2385,1211",6,52,lev40_mnbarracks1,40879,Barracks,"164,78",55.9036026,74.7341003,686.0,398.0,716.0,368.0,58.2,False,False,,,,0
lev_m40ab,m40ab,Leviathan - Command Deck,lev_m40ab.png,2404,1230,4,28,84,1760,1024,"18,18 2385,18 18,1211 2385,1211",7,53,lev40_mnbarracks2,40879,Barracks,"183,133",62.8927345,53.1614037,762.0,618.0,792.0,588.0,57.2,False,False,,,,0
lev_m40ab,m40ab,Leviathan - Command Deck,lev_m40ab.png,2404,1230,4,28,84,1760,1024,"18,18 2385,18 18,1211 2385,1211",8,54,lev40_mnbarracks3,40879,Barracks,"341,179",121.00219,35.1477051,1394.0,802.0,1424.0,772.0,52.8,False,False,,,,0
lev_m40ab,m40ab,Leviathan - Command Deck,lev_m40ab.png,2404,1230,4,28,84,1760,1024,"18,18 2385,18 18,1211 2385,1211",9,55,lev40_mnelevator1,44300,Elevator Corridor,"108,36",35.2665367,91.2152252,462.0,230.0,492.0,200.0,70.0,False,False,,,,0
lev_m40ab,m40ab,Leviathan - Command Deck,lev_m40ab.png,2404,1230,4,28,84,1760,1024,"18,18 2385,18 18,1211 2385,1211",10,56,lev40_mnelevator2,44300,Elevator Corridor,"107,222",35.1540413,18.462326,458.0,974.0,488.0,944.0,62.8,False,False,,,,0
lev_m40ab,m40ab,Leviathan - Command Deck,lev_m40ab.png,2404,1230,4,28,84,1760,1024,"18,18 2385,18 18,1211 2385,1211",11,57,lev40_mncentral1,44301,Central Corridor,"216,38",75.1441803,90.4568787,894.0,238.0,924.0,208.0,65.6,False,False,,,,0
lev_m40ab,m40ab,Leviathan - Command Deck,lev_m40ab.png,2404,1230,4,28,84,1760,1024,"18,18 2385,18 18,1211 2385,1211",12,58,lev40_mncentral2,44301,Central Corridor,"217,220",75.3343506,19.0950527,898.0,966.0,928.0,936.0,59.8,False,False,,,,0
lev_m40ab,m40ab,Leviathan - Command Deck,lev_m40ab.png,2404,1230,4,28,84,1760,1024,"18,18 2385,18 18,1211 2385,1211",13,59,lev40_mnbridge,44302,Bridge Corridor,"324,129",114.811195,54.7170486,1326.0,602.0,1356.0,572.0,50.2,False,False,,,,0
lev_m40ac,m40ac,Leviathan - Hangar,lev_m40ac.png,2404,1230,4,28,84,1760,1024,"18,18 2385,18 18,1211 2385,1211",1,16,SW_MAPNOTE001,40105,Elevator,"50,52",12.5704174,154.499725,230.0,294.0,260.0,264.0,150.0,False,False,"59,51",266.0,290.0,0
lev_m40ac,m40ac,Leviathan - Hangar,lev_m40ac.png,2404,1230,4,28,84,1760,1024,"18,18 2385,18 18,1211 2385,1211",2,17,SW_MAPNOTE001,40126,Hangar Control,"200,55",124.939407,152.287247,830.0,306.0,860.0,276.0,150.0,False,False,"200,63",830.0,338.0,0
lev_m40ac,m40ac,Leviathan - Hangar,lev_m40ac.png,2404,1230,4,28,84,1760,1024,"18,18 2385,18 18,1211 2385,1211",3,18,SW_MAPNOTE001,40127,To Hangar,"377,52",258.614594,154.814407,1538.0,294.0,1568.0,264.0,177.0,False,False,"374,54",1526.0,302.0,0
lev_m40ad,m40ad,Leviathan - Bridge,lev_m40ad.png,2404,1230,4,28,84,1760,1024,"18,18 2385,18 18,1211 2385,1211",1,6,SW_MAPNOTE001,40131,To Command Deck,"53,98",123.142723,77.1539764,242.0,478.0,272.0,448.0,36.1,False,False,"53,103",242.0,498.0,0
lev_m40ad,m40ad,Leviathan - Bridge,lev_m40ad.png,2404,1230,4,28,84,1760,1024,"18,18 2385,18 18,1211 2385,1211",2,7,SW_MAPNOTE001,35404,Airlock,"51,62",122.300545,96.2414246,234.0,334.0,264.0,304.0,36.1,False,False,,,,0
lev_m40ad,m40ad,Leviathan - Bridge,lev_m40ad.png,2404,1230,4,28,84,1760,1024,"18,18 2385,18 18,1211 2385,1211",3,8,SW_MAPNOTE001,35404,Airlock,"181,104",184.523987,74.1997375,754.0,502.0,784.0,472.0,73.9,False,False,"181,99",754.0,482.0,0
lev_m40ad,m40ad,Leviathan - Bridge,lev_m40ad.png,2404,1230,4,28,84,1760,1024,"18,18 2385,18 18,1211 2385,1211",4,9,SW_MAPNOTE001,40131,To Command Deck,"117,141",153.58728,54.7330055,498.0,650.0,528.0,620.0,73.9,False,False,"119,137",506.0,634.0,0
lev_m40ad,m40ad,Leviathan - Bridge,lev_m40ad.png,2404,1230,4,28,84,1760,1024,"18,18 2385,18 18,1211 2385,1211",5,10,SW_MAPNOTE001,34305,Bridge,"355,141",267.560883,54.7171326,1450.0,650.0,1480.0,620.0,177.9,False,False,,,,0
liv_m99aa,m50aa,Yavin Station,liv_m99aa.png,2404,1230,4,28,84,1760,1024,"18,18 2385,18 18,1211 2385,1211",1,21,yav50_map,48569,To Ebon Hawk,"60,131",7.10191488,-2.78233051,270.0,610.0,300.0,580.0,999.0,False,False,"53,131",242.0,610.0,3
manm26aa,m26aa,Manaan - Ahto West,manm26aa.png,2404,1230,4,28,84,1760,1024,"18,18 2385,18 18,1211 2385,1211",1,15,SW_WAYPOINT001,35012,Ahto High Court,"190,210",49.7372055,-4.62086058,790.0,926.0,820.0,896.0,79.3,False,False,,,,3
manm26aa,m26aa,Manaan - Ahto West,manm26aa.png,2404,1230,4,28,84,1760,1024,"18,18 2385,18 18,1211 2385,1211",2,16,SW_WAYPOINT001,35013,Mercenary Enclave,"279,29",-24.1814365,29.1485157,1146.0,202.0,1176.0,172.0,74.1,False,False,"291,47",1194.0,274.0,3
manm26aa,m26aa,Manaan - Ahto West,manm26aa.png,2404,1230,4,28,84,1760,1024,"18,18 2385,18 18,1211 2385,1211",3,17,SW_WAYPOINT001,35014,To Ahto City Central,"318,92",1.79511762,43.5973778,1302.0,454.0,1332.0,424.0,74.1,False,False,"324,91",1326.0,450.0,3
manm26aa,m26aa,Manaan - Ahto West,manm26aa.png,2404,1230,4,28,84,1760,1024,"18,18 2385,18 18,1211 2385,1211",4,38,SW_MAPNOTE001,43297,Holding Cell,"249,157",28.1863747,17.5707378,1026.0,714.0,1056.0,684.0,79.3,False,False,"248,142",1022.0,654.0,3
manm26ab,m26ab,Manaan - Ahto East,manm26ab.png,2404,1230,4,28,84,1760,1024,"18,18 2385,18 18,1211 2385,1211",1,11,SW_WAYPOINT001,35033,Swoop Track Registration,"225,231",-81.7413254,34.8877869,930.0,1010.0,960.0,980.0,91.3,False,False,"228,232",942.0,1014.0,2
manm26ab,m26ab,Manaan - Ahto East,manm26ab.png,2404,1230,4,28,84,1760,1024,"18,18 2385,18 18,1211 2385,1211",2,12,SW_WAYPOINT001,33405,General Shop,"249,88",2.94969749,20.857605,1026.0,438.0,1056.0,408.0,71.8,False,False,"249,80",1026.0,406.0,2
manm26ab,m26ab,Manaan - Ahto East,manm26ab.png,2404,1230,4,28,84,1760,1024,"18,18 2385,18 18,1211 2385,1211",3,13,SW_WAYPOINT001,35034,Sith Base,"260,17",44.9941177,14.5262213,1070.0,154.0,1100.0,124.0,71.8,False,False,"262,12",1078.0,134.0,2
manm26ab,m26ab,Manaan - Ahto East,manm26ab.png,2404,1230,4,28,84,1760,1024,"18,18 2385,18 18,1211 2385,1211",4,14,SW_WAYPOINT001,35035,To Ahto City East Central,"150,179",-51.3439713,77.9725189,630.0,802.0,660.0,772.0,91.3,False,False,"151,176",634.0,790.0,2
manm26ac,m26ac,Manaan - West Central,manm26ac.png,2404,1230,4,28,84,1760,1024,"18,18 2385,18 18,1211 2385,1211",1,23,SW_WAYPOINT001,35054,To Docking Bay,"210,17",-58.6608734,163.244064,870.0,154.0,900.0,124.0,126.9,False,False,"208,14",862.0,142.0,0
manm26ac,m26ac,Manaan - West Central,manm26ac.png,2404,1230,4,28,84,1760,1024,"18,18 2385,18 18,1211 2385,1211",2,24,SW_WAYPOINT001,35055,Port Official,"237,141",-38.2010498,65.8034668,978.0,650.0,1008.0,620.0,95.3,False,False,"229,141",946.0,650.0,0
manm26ac,m26ac,Manaan - West Central,manm26ac.png,2404,1230,4,28,84,1760,1024,"18,18 2385,18 18,1211 2385,1211",3,25,SW_WAYPOINT001,35056,To Ahto West,"148,193",-105.884109,25.2954445,622.0,858.0,652.0,828.0,103.1,False,False,,,,0
manm26ac,m26ac,Manaan - West Central,manm26ac.png,2404,1230,4,28,84,1760,1024,"18,18 2385,18 18,1211 2385,1211",4,26,SW_WAYPOINT001,35035,To Ahto City East Central,"278,227",-7.04369354,-1.61356211,1142.0,994.0,1172.0,964.0,95.3,False,False,"284,226",1166.0,990.0,0
manm26ad,m26ad,Manaan - Docking Bay,manm26ad.png,2404,1230,4,28,84,1760,1024,"18,18 2385,18 18,1211 2385,1211",1,51,SW_MAPNOTE001,33404,Ebon Hawk,"278,141",253.696838,177.679657,1142.0,650.0,1172.0,620.0,92.4,False,False,"272,139",1118.0,642.0,1
manm26ad,m26ad,Manaan - Docking Bay,manm26ad.png,2404,1230,4,28,84,1760,1024,"18,18 2385,18 18,1211 2385,1211",2,52,SW_MAPNOTE001,45134,Sith Hangar,"186,150",337.582642,185.624878,774.0,686.0,804.0,656.0,25.1,False,False,,,,1
manm26ad,m26ad,Manaan - Docking Bay,manm26ad.png,2404,1230,4,28,84,1760,1024,"18,18 2385,18 18,1211 2385,1211",3,53,SW_MAPNOTE001,45135,Private Hangar,"94,135",422.23764,172.185516,406.0,626.0,436.0,596.0,93.2,False,False,,,,1
manm26ad,m26ad,Manaan - Docking Bay,manm26ad.png,2404,1230,4,28,84,1760,1024,"18,18 2385,18 18,1211 2385,1211",4,54,SW_MAPNOTE001,19297,Manaan - West Central,"184,175",340.134979,208.683319,766.0,786.0,796.0,756.0,25.1,False,False,,,,1
manm26ae,m26ae,Manaan - East Central,manm26ae.png,2404,1230,4,28,84,1760,1024,"18,18 2385,18 18,1211 2385,1211",1,69,SW_MAPNOTE001,40212,To West Central Courtyard,"137,220",10.0834465,-1.14223588,578.0,966.0,608.0,936.0,31.4,False,False,"139,224",586.0,982.0,0
manm26ae,m26ae,Manaan - East Central,manm26ae.png,2404,1230,4,28,84,1760,1024,"18,18 2385,18 18,1211 2385,1211",2,70,SW_MAPNOTE001,40213,Tyvark's Shop,"142,189",13.1577568,19.0816231,598.0,842.0,628.0,812.0,31.4,False,False,,,,0
manm26ae,m26ae,Manaan - East Central,manm26ae.png,2404,1230,4,28,84,1760,1024,"18,18 2385,18 18,1211 2385,1211",3,71,SW_MAPNOTE001,40214,To East Courtyard,"295,179",107.231026,25.7585831,1210.0,802.0,1240.0,772.0,84.1,False,False,"303,176",1242.0,790.0,0
manm26ae,m26ae,Manaan - East Central,manm26ae.png,2404,1230,4,28,84,1760,1024,"18,18 2385,18 18,1211 2385,1211",4,72,SW_MAPNOTE001,35175,Visitor's Hotel,"141,121",12.695713,63.8812561,594.0,570.0,624.0,540.0,68.0,False,False,"157,123",658.0,578.0,0
manm26ae,m26ae,Manaan - East Central,manm26ae.png,2404,1230,4,28,84,1760,1024,"18,18 2385,18 18,1211 2385,1211",5,73,SW_MAPNOTE001,40215,Republic Enclave,"250,108",79.4371872,72.1107483,1030.0,518.0,1060.0,488.0,84.1,False,False,,,,0
manm27aa,m27aa,Manaan - Sith Base,manm27aa.png,2404,1230,4,28,84,1760,1024,"18,18 2385,18 18,1211 2385,1211",1,26,SW_MAPNOTE001,40265,Elevator to Ahto City,"204,208",102.985878,35.73349,846.0,918.0,876.0,888.0,14.0,False,False,"202,202",838.0,894.0,2
manm27aa,m27aa,Manaan - Sith Base,manm27aa.png,2404,1230,4,28,84,1760,1024,"18,18 2385,18 18,1211 2385,1211",2,27,SW_MAPNOTE001,40266,Security Checkpoint,"204,194",113.597633,35.5927315,846.0,862.0,876.0,832.0,14.0,False,False,,,,2
manm27aa,m27aa,Manaan - Sith Base,manm27aa.png,2404,1230,4,28,84,1760,1024,"18,18 2385,18 18,1211 2385,1211",3,28,SW_MAPNOTE001,40267,Flow Control,"291,147",149.191086,-27.3656998,1194.0,674.0,1224.0,644.0,51.2,False,False,"306,146",1254.0,670.0,2
manm27aa,m27aa,Manaan - Sith Base,manm27aa.png,2404,1230,4,28,84,1760,1024,"18,18 2385,18 18,1211 2385,1211",4,29,SW_MAPNOTE001,40268,North Computer Room,"102,69",208.381958,108.510025,438.0,362.0,468.0,332.0,120.1,False,False,,,,2
manm27aa,m27aa,Manaan - Sith Base,manm27aa.png,2404,1230,4,28,84,1760,1024,"18,18 2385,18 18,1211 2385,1211",5,30,SW_MAPNOTE001,40269,Training Annex,"226,44",227.133575,19.2841873,934.0,262.0,964.0,232.0,121.8,False,False,,,,2
manm27aa,m27aa,Manaan - Sith Base,manm27aa.png,2404,1230,4,28,84,1760,1024,"18,18 2385,18 18,1211 2385,1211",6,31,SW_MAPNOTE001,40270,Secondary Entrance,"251,179",124.925415,1.82042694,1034.0,802.0,1064.0,772.0,49.3,False,False,,,,2
manm27aa,m27aa,Manaan - Sith Base,manm27aa.png,2404,1230,4,28,84,1760,1024,"18,18 2385,18 18,1211 2385,1211",7,32,SW_MAPNOTE001,40271,Droid Repair,"162,173",129.942993,65.6785049,678.0,778.0,708.0,748.0,47.0,False,False,,,,2
manm28aa,m28aa,Manaan - Hrakert Station,manm28aa.png,2404,1230,4,28,84,1760,1024,"18,18 2385,18 18,1211 2385,1211",1,28,SW_WAYPOINT001,35404,Airlock,"209,214",135.762772,71.0993652,866.0,942.0,896.0,912.0,21.9,False,False,,,,0
manm28aa,m28aa,Manaan - Hrakert Station,manm28aa.png,2404,1230,4,28,84,1760,1024,"18,18 2385,18 18,1211 2385,1211",2,29,SW_WAYPOINT001,35404,Airlock,"142,217",83.8842621,68.8719864,598.0,954.0,628.0,924.0,54.1,False,False,,,,0
manm28aa,m28aa,Manaan - Hrakert Station,manm28aa.png,2404,1230,4,28,84,1760,1024,"18,18 2385,18 18,1211 2385,1211",3,30,SW_WAYPOINT001,35405,Envirosuit Storage,"166,167",102.013832,108.97242,694.0,754.0,752.0,696.0,1.0,True,False,,,,0
manm28aa,m28aa,Manaan - Hrakert Station,manm28aa.png,2404,1230,4,28,84,1760,1024,"18,18 2385,18 18,1211 2385,1211",4,31,SW_WAYPOINT001,35404,Airlock,"308,201",212.420776,81.2991257,1262.0,890.0,1292.0,860.0,72.9,False,False,,,,0
manm28aa,m28aa,Manaan - Hrakert Station,manm28aa.png,2404,1230,4,28,84,1760,1024,"18,18 2385,18 18,1211 2385,1211",5,37,SW_MAPNOTE001,35179,Submersible,"204,51",131.426804,202.123413,846.0,290.0,876.0,260.0,102.3,False,False,,,,0
manm28aa,m28aa,Manaan - Hrakert Station,manm28aa.png,2404,1230,4,28,84,1760,1024,"18,18 2385,18 18,1211 2385,1211",6,46,cs,45799,Central Storage Room,"200,173",128.193558,104.32444,830.0,778.0,860.0,748.0,27.7,False,False,"206,171",854.0,770.0,0
manm28aa,m28aa,Manaan - Hrakert Station,manm28aa.png,2404,1230,4,28,84,1760,1024,"18,18 2385,18 18,1211 2385,1211",7,47,ws,45820,West Storage Room,"145,163",86.0343552,112.369537,610.0,738.0,640.0,708.0,21.2,False,False,"140,164",590.0,742.0,0
manm28aa,m28aa,Manaan - Hrakert Station,manm28aa.png,2404,1230,4,28,84,1760,1024,"18,18 2385,18 18,1211 2385,1211",8,48,ehb,45803,East Hallway B,"277,135",188.420013,134.377518,1138.0,626.0,1168.0,596.0,57.8,False,False,,,,0
manm28aa,m28aa,Manaan - Hrakert Station,manm28aa.png,2404,1230,4,28,84,1760,1024,"18,18 2385,18 18,1211 2385,1211",9,49,sh,45814,South Hallway,"218,194",142.266998,86.9649048,902.0,862.0,932.0,832.0,21.9,False,False,,,,0
manm28aa,m28aa,Manaan - Hrakert Station,manm28aa.png,2404,1230,4,28,84,1760,1024,"18,18 2385,18 18,1211 2385,1211",10,50,sc,45811,Security Room,"166,146",102.175949,125.469696,694.0,670.0,724.0,640.0,20.0,False,False,,,,0
manm28aa,m28aa,Manaan - Hrakert Station,manm28aa.png,2404,1230,4,28,84,1760,1024,"18,18 2385,18 18,1211 2385,1211",11,51,en,45805,Environment Suit Containment,"166,166",101.862564,109.531792,694.0,750.0,752.0,808.0,1.0,True,False,,,,0
manm28aa,m28aa,Manaan - Hrakert Station,manm28aa.png,2404,1230,4,28,84,1760,1024,"18,18 2385,18 18,1211 2385,1211",12,52,sco,41774,Security Computer,"306,85",210.804352,174.733337,1254.0,426.0,1312.0,368.0,1.0,True,False,,,,0
manm28aa,m28aa,Manaan - Hrakert Station,manm28aa.png,2404,1230,4,28,84,1760,1024,"18,18 2385,18 18,1211 2385,1211",13,61,SW_WAYPOINT001,35403,Security Control,"307,85",210.951538,175.023895,1258.0,426.0,1316.0,484.0,1.0,True,False,,,,0
manm28ab,m28ab,Manaan - Sea Floor,manm28ab.png,2404,1230,4,28,84,1760,1024,"18,18 2385,18 18,1211 2385,1211",1,16,SW_WAYPOINT001,35408,To Hrakert Station,"174,45",127.490364,98.8389053,726.0,266.0,756.0,236.0,66.0,False,False,,,,0
manm28ab,m28ab,Manaan - Sea Floor,manm28ab.png,2404,1230,4,28,84,1760,1024,"18,18 2385,18 18,1211 2385,1211",2,17,SW_WAYPOINT001,35408,To Hrakert Station,"240,45",177.124878,98.7140656,990.0,266.0,1020.0,236.0,66.0,False,False,,,,0
manm28ab,m28ab,Manaan - Sea Floor,manm28ab.png,2404,1230,4,28,84,1760,1024,"18,18 2385,18 18,1211 2385,1211",3,18,SW_WAYPOINT001,35404,Airlock,"345,94",254.489517,60.0352631,1410.0,462.0,1440.0,432.0,53.1,False,False,,,,0
manm28ab,m28ab,Manaan - Sea Floor,manm28ab.png,2404,1230,4,28,84,1760,1024,"18,18 2385,18 18,1211 2385,1211",4,19,SW_WAYPOINT001,35404,Airlock,"363,144",267.944214,20.1154613,1482.0,662.0,1512.0,632.0,53.1,False,False,,,,0
manm28ac,m28ac,Manaan - Kolto Control,manm28ac.png,2404,1230,4,28,84,1760,1024,"18,18 2385,18 18,1211 2385,1211",1,3,SW_WAYPOINT001,35404,Airlock,"258,45",216.145416,76.0418472,1062.0,266.0,1092.0,236.0,115.2,False,False,,,,1
manm28ac,m28ac,Manaan - Kolto Control,manm28ac.png,2404,1230,4,28,84,1760,1024,"18,18 2385,18 18,1211 2385,1211",2,4,SW_WAYPOINT001,35421,To Sea Floor,"165,113",259.367706,109.867523,690.0,538.0,720.0,508.0,92.0,False,False,,,,1
manm28ac,m28ac,Manaan - Kolto Control,manm28ac.png,2404,1230,4,28,84,1760,1024,"18,18 2385,18 18,1211 2385,1211",3,5,SW_WAYPOINT001,35421,To Sea Floor,"221,186",233.439148,145.977463,914.0,830.0,944.0,800.0,92.0,False,False,,,,1
manm28ad,m28ad,Manaan - Hrakert Rift,manm28ad.png,2404,1230,4,28,84,1760,1024,"18,18 2385,18 18,1211 2385,1211",1,3,SW_WAYPOINT001,35425,To Kolto Control,"139,169",82.108551,94.5437546,586.0,762.0,616.0,732.0,29.2,False,False,,,,0
manm28ad,m28ad,Manaan - Hrakert Rift,manm28ad.png,2404,1230,4,28,84,1760,1024,"18,18 2385,18 18,1211 2385,1211",2,4,SW_WAYPOINT001,35408,To Hrakert Station,"128,142",73.8844452,119.856239,542.0,654.0,572.0,624.0,29.2,False,False,,,,0
manm28ad,m28ad,Manaan - Hrakert Rift,manm28ad.png,2404,1230,4,28,84,1760,1024,"18,18 2385,18 18,1211 2385,1211",3,5,SW_WAYPOINT001,33475,Star Map,"300,156",195.101562,106.972412,1230.0,710.0,1260.0,680.0,98.0,False,False,,,,0
manm28ad,m28ad,Manaan - Hrakert Rift,manm28ad.png,2404,1230,4,28,84,1760,1024,"18,18 2385,18 18,1211 2385,1211",4,6,SW_WAYPOINT001,35426,Kolto Control Panel,"202,155",126.162239,107.820091,838.0,706.0,868.0,676.0,64.5,False,False,,,,0
sta_m45aa,m45aa,Star Forge - Deck 1,sta_m45aa.png,2404,1230,4,28,84,1760,1024,"18,18 2385,18 18,1211 2385,1211",1,11,k45a_map_elevato,35471,To Elevator,"264,67",98.0951004,151.2668,1086.0,354.0,1116.0,324.0,32.2,False,False,,,,0
sta_m45aa,m45aa,Star Forge - Deck 1,sta_m45aa.png,2404,1230,4,28,84,1760,1024,"18,18 2385,18 18,1211 2385,1211",2,22,k45a_map_east,40316,To East Exit,"308,238",152.890366,-80.146492,1262.0,1038.0,1292.0,1008.0,135.0,False,False,,,,0
sta_m45aa,m45aa,Star Forge - Deck 1,sta_m45aa.png,2404,1230,4,28,84,1760,1024,"18,18 2385,18 18,1211 2385,1211",3,23,k45a_map_west,40318,To West Exit,"173,238",-15.9420147,-79.8439789,722.0,1038.0,752.0,1008.0,135.0,False,False,,,,0
sta_m45aa,m45aa,Star Forge - Deck 1,sta_m45aa.png,2404,1230,4,28,84,1760,1024,"18,18 2385,18 18,1211 2385,1211",4,24,k45_map_ebonhawk,34556,To Ebon Hawk,"238,48",65.3088989,177.24707,982.0,278.0,1012.0,248.0,32.2,False,False,"243,45",1002.0,266.0,0
sta_m45ab,m45ab,Star Forge - Deck 2,sta_m45ab.png,2404,1230,4,28,84,1760,1024,"18,18 2385,18 18,1211 2385,1211",1,3,k45b_map_elevato,35471,To Elevator,"100,188",-1.50263977,-192.767212,430.0,838.0,460.0,808.0,138.1,False,False,"103,186",442.0,830.0,0
sta_m45ab,m45ab,Star Forge - Deck 2,sta_m45ab.png,2404,1230,4,28,84,1760,1024,"18,18 2385,18 18,1211 2385,1211",2,6,k45b_map_east,40316,To East Exit,"359,53",152.888184,-110.401398,1466.0,298.0,1496.0,268.0,112.3,False,False,"361,50",1474.0,286.0,0
sta_m45ab,m45ab,Star Forge - Deck 2,sta_m45ab.png,2404,1230,4,28,84,1760,1024,"18,18 2385,18 18,1211 2385,1211",3,7,k45b_map_west,40318,To West Exit,"76,52",-16.0610008,-110.039078,334.0,294.0,364.0,264.0,138.1,False,False,,,,0
sta_m45ab,m45ab,Star Forge - Deck 2,sta_m45ab.png,2404,1230,4,28,84,1760,1024,"18,18 2385,18 18,1211 2385,1211",4,25,SW_MAPNOTE001,47876,Computer Room,"342,164",142.518234,-178.6203,1398.0,742.0,1428.0,712.0,112.3,False,False,,,,0
sta_m45ac,m45ac,Star Forge - Command Center,sta_m45ac.png,2404,1230,4,28,84,1760,1024,"18,18 2385,18 18,1211 2385,1211",1,9,k45c_map_west,35473,To West Elevator,"99,61",-1.49249268,-193.331741,426.0,330.0,456.0,300.0,232.4,False,False,,,,3
sta_m45ac,m45ac,Star Forge - Command Center,sta_m45ac.png,2404,1230,4,28,84,1760,1024,"18,18 2385,18 18,1211 2385,1211",2,10,k45c_map_east,35469,To East Elevator,"298,181",116.849884,1.16690063,1222.0,810.0,1252.0,780.0,232.4,False,False,,,,3
sta_m45ad,m45ad,Star Forge - Viewing Platform,sta_m45ad.png,2404,1230,4,28,84,1760,1024,"18,18 2385,18 18,1211 2385,1211",1,3,k45d_map_command,35596,To Command Center,"222,59",202.189667,308.137177,918.0,322.0,948.0,292.0,83.2,False,False,"221,54",914.0,302.0,0
sta_m45ad,m45ad,Star Forge - Viewing Platform,sta_m45ad.png,2404,1230,4,28,84,1760,1024,"18,18 2385,18 18,1211 2385,1211",2,4,k45d_map_elevato,35471,To Elevator,"300,88",238.391953,293.665527,1230.0,438.0,1260.0,408.0,83.2,False,False,,,,0
tar_m02aa,m02aa,Taris - South Apartments,tar_m02aa.png,2404,1230,4,28,84,1760,1024,"18,18 2385,18 18,1211 2385,1211",1,19,SW_MAPNOTE001,40479,To Your Apartment,"178,50",91.9797821,134.415771,742.0,286.0,772.0,256.0,85.8,False,False,"176,55",734.0,306.0,0
tar_m02aa,m02aa,Taris - South Apartments,tar_m02aa.png,2404,1230,4,28,84,1760,1024,"18,18 2385,18 18,1211 2385,1211",2,20,SW_MAPNOTE001,40480,To Upper City,"244,206",112.608154,83.3428345,1006.0,910.0,1036.0,880.0,145.8,False,False,,,,0
tar_m02aa,m02aa,Taris - South Apartments,tar_m02aa.png,2404,1230,4,28,84,1760,1024,"18,18 2385,18 18,1211 2385,1211",3,21,SW_MAPNOTE001,40481,Dia's Apartment,"127,119",76.240036,111.862152,538.0,562.0,568.0,532.0,85.8,False,False,"123,118",522.0,558.0,0
tar_m02ab,m02ab,Taris - Upper City North,tar_m02ab.png,2404,1230,4,28,84,1760,1024,"18,18 2385,18 18,1211 2385,1211",1,33,SW_MAPNOTE001,40495,Droids by Janice,"164,204",112.441872,67.5955429,686.0,902.0,716.0,872.0,78.9,False,False,"158,209",662.0,922.0,0
tar_m02ab,m02ab,Taris - Upper City North,tar_m02ab.png,2404,1230,4,28,84,1760,1024,"18,18 2385,18 18,1211 2385,1211",2,34,SW_MAPNOTE001,40496,To Lower City,"176,126",121.879738,130.896942,734.0,590.0,764.0,560.0,78.9,False,False,"184,124",766.0,582.0,0
tar_m02ab,m02ab,Taris - Upper City North,tar_m02ab.png,2404,1230,4,28,84,1760,1024,"18,18 2385,18 18,1211 2385,1211",3,35,SW_MAPNOTE001,40497,To Sith Base,"164,17",112.574913,220.190933,686.0,154.0,716.0,124.0,109.7,False,False,"166,11",694.0,130.0,0
tar_m02ab,m02ab,Taris - Upper City North,tar_m02ab.png,2404,1230,4,28,84,1760,1024,"18,18 2385,18 18,1211 2385,1211",4,36,SW_MAPNOTE001,40498,To Apartments,"310,116",221.417068,139.311874,1270.0,550.0,1328.0,492.0,3.0,True,False,,,,0
tar_m02ab,m02ab,Taris - Upper City North,tar_m02ab.png,2404,1230,4,28,84,1760,1024,"18,18 2385,18 18,1211 2385,1211",5,37,SW_MAPNOTE001,40499,To Upper City South,"311,208",222.349747,63.9660721,1274.0,918.0,1304.0,888.0,92.0,False,False,"311,215",1274.0,946.0,0
tar_m02ab,m02ab,Taris - Upper City North,tar_m02ab.png,2404,1230,4,28,84,1760,1024,"18,18 2385,18 18,1211 2385,1211",6,38,tar_party,40500,To Sith Party,"310,113",221.196594,141.369522,1270.0,538.0,1328.0,596.0,3.0,True,False,,,,0
tar_m02ac,m02ac,Taris - Upper City South,tar_m02ac.png,2404,1230,4,28,84,1760,1024,"18,18 2385,18 18,1211 2385,1211",1,39,SW_MAPNOTE001,40480,To Upper City,"251,87",186.98494,112.309097,1034.0,434.0,1064.0,404.0,45.0,False,False,,,,0
tar_m02ac,m02ac,Taris - Upper City South,tar_m02ac.png,2404,1230,4,28,84,1760,1024,"18,18 2385,18 18,1211 2385,1211",2,40,SW_MAPNOTE001,40504,Clinic,"252,132",187.726273,75.5783691,1038.0,614.0,1068.0,584.0,45.0,False,False,"248,142",1022.0,654.0,0
tar_m02ac,m02ac,Taris - Upper City South,tar_m02ac.png,2404,1230,4,28,84,1760,1024,"18,18 2385,18 18,1211 2385,1211",3,41,SW_MAPNOTE001,40505,Equipment Emporium,"109,142",76.243515,67.3831177,466.0,654.0,496.0,624.0,50.9,False,False,"124,146",526.0,670.0,0
tar_m02ac,m02ac,Taris - Upper City South,tar_m02ac.png,2404,1230,4,28,84,1760,1024,"18,18 2385,18 18,1211 2385,1211",4,42,SW_MAPNOTE001,40506,To Upper City Cantina,"126,190",90.1174316,28.0428314,534.0,846.0,564.0,816.0,50.9,False,False,,,,0
tar_m02ac,m02ac,Taris - Upper City South,tar_m02ac.png,2404,1230,4,28,84,1760,1024,"18,18 2385,18 18,1211 2385,1211",5,50,SW_MAPNOTE001,40498,To Apartments,"126,75",90.13797,121.791664,534.0,386.0,564.0,356.0,69.1,False,False,"126,71",534.0,370.0,0
tar_m02ad,m02ad,Taris - North Apartments,tar_m02ad.png,2404,1230,4,28,84,1760,1024,"18,18 2385,18 18,1211 2385,1211",1,20,SW_MAPNOTE001,40480,To Upper City,"213,204",112.231369,84.376236,882.0,902.0,912.0,872.0,79.5,False,False,"216,204",894.0,902.0,0
tar_m02ad,m02ad,Taris - North Apartments,tar_m02ad.png,2404,1230,4,28,84,1760,1024,"18,18 2385,18 18,1211 2385,1211",2,21,SW_MAPNOTE001,40514,Largo's Apartment,"292,195",137.34816,87.2287521,1198.0,866.0,1228.0,836.0,79.5,False,False,"297,199",1218.0,882.0,0
tar_m02ad,m02ad,Taris - North Apartments,tar_m02ad.png,2404,1230,4,28,84,1760,1024,"18,18 2385,18 18,1211 2385,1211",3,26,tar02_mnyuns,40515,Yun's Apartment,"288,52",135.833206,135.271317,1182.0,294.0,1212.0,264.0,143.1,False,False,"298,41",1222.0,250.0,0
tar_m02ad,m02ad,Taris - North Apartments,tar_m02ad.png,2404,1230,4,28,84,1760,1024,"18,18 2385,18 18,1211 2385,1211",4,27,tar02_mnsarnas,40516,Sarna's Apartment,"112,121",80.205658,112.166496,478.0,570.0,508.0,540.0,130.7,False,False,"94,121",406.0,570.0,0
tar_m02ae,m02ae,Taris - Upper City Cantina,tar_m02ae.png,2404,1230,4,28,84,1760,1024,"18,18 2385,18 18,1211 2385,1211",1,27,SW_MAPNOTE001,40480,To Upper City,"197,125",139.146332,109.577911,818.0,586.0,848.0,556.0,94.4,False,False,"199,121",826.0,570.0,0
tar_m02ae,m02ae,Taris - Upper City Cantina,tar_m02ae.png,2404,1230,4,28,84,1760,1024,"18,18 2385,18 18,1211 2385,1211",2,29,SW_MAPNOTE001,40531,Dueling Arena,"393,151",207.627151,99.7616959,1602.0,690.0,1632.0,660.0,197.7,False,False,,,,0
tar_m02ae,m02ae,Taris - Upper City Cantina,tar_m02ae.png,2404,1230,4,28,84,1760,1024,"18,18 2385,18 18,1211 2385,1211",3,40,SW_MAPNOTE001,45989,Duel Organizer,"114,170",109.898232,92.3658676,486.0,766.0,516.0,736.0,94.4,False,False,,,,0
tar_m02af,m02af,Taris - Hideout,tar_m02af.png,2404,1230,4,28,84,1760,1024,"18,18 2385,18 18,1211 2385,1211",1,8,SW_MAPNOTE001,40564,To Apartment Complex,"240,159",89.3539124,135.577423,990.0,722.0,1020.0,692.0,999.0,False,False,"252,170",1038.0,766.0,0
tar_m03aa,m03aa,Taris - Lower City,tar_m03aa.png,2404,1230,4,28,84,1760,1024,"18,18 2385,18 18,1211 2385,1211",1,16,SW_MAPNOTE001,40570,To Black Vulkar Base,"366,156",458.987061,148.938751,1494.0,710.0,1524.0,680.0,62.0,False,False,"378,152",1542.0,694.0,0
tar_m03aa,m03aa,Taris - Lower City,tar_m03aa.png,2404,1230,4,28,84,1760,1024,"18,18 2385,18 18,1211 2385,1211",2,17,SW_MAPNOTE001,40480,To Upper City,"305,167",403.21875,137.224106,1250.0,754.0,1280.0,724.0,24.0,False,False,"308,168",1262.0,758.0,0
tar_m03aa,m03aa,Taris - Lower City,tar_m03aa.png,2404,1230,4,28,84,1760,1024,"18,18 2385,18 18,1211 2385,1211",3,18,SW_MAPNOTE001,40498,To Apartments,"305,143",403.034607,161.618851,1250.0,658.0,1280.0,628.0,24.0,False,False,,,,0
tar_m03aa,m03aa,Taris - Lower City,tar_m03aa.png,2404,1230,4,28,84,1760,1024,"18,18 2385,18 18,1211 2385,1211",4,19,SW_MAPNOTE001,40571,To Javyar's Cantina,"250,132",352.146362,173.16806,1030.0,614.0,1060.0,584.0,23.8,False,False,"253,130",1042.0,606.0,0
tar_m03aa,m03aa,Taris - Lower City,tar_m03aa.png,2404,1230,4,28,84,1760,1024,"18,18 2385,18 18,1211 2385,1211",5,20,SW_MAPNOTE001,40572,To Hidden Bek Base,"256,109",357.500214,196.972549,1054.0,522.0,1084.0,492.0,23.8,False,False,"254,106",1046.0,510.0,0
tar_m03aa,m03aa,Taris - Lower City,tar_m03aa.png,2404,1230,4,28,84,1760,1024,"18,18 2385,18 18,1211 2385,1211",6,21,SW_MAPNOTE001,40498,To Apartments,"201,96",306.979523,210.321182,834.0,470.0,864.0,440.0,56.5,False,False,"201,99",834.0,482.0,0
tar_m03aa,m03aa,Taris - Lower City,tar_m03aa.png,2404,1230,4,28,84,1760,1024,"18,18 2385,18 18,1211 2385,1211",7,22,SW_MAPNOTE001,40573,To Undercity,"79,86",194.242599,220.53775,346.0,430.0,376.0,400.0,122.4,False,False,"79,82",346.0,414.0,0
tar_m03ab,m03ab,Taris - Lower City Apartments,tar_m03ab.png,2404,1230,4,28,84,1760,1024,"18,18 2385,18 18,1211 2385,1211",1,21,SW_MAPNOTE001,40496,To Lower City,"221,203",112.467926,83.523941,914.0,898.0,944.0,868.0,167.3,False,False,,,,0
tar_m03ab,m03ab,Taris - Lower City Apartments,tar_m03ab.png,2404,1230,4,28,84,1760,1024,"18,18 2385,18 18,1211 2385,1211",2,22,SW_MAPNOTE001,40616,Selven's Apartment,"293,52",135.840485,135.507965,1202.0,294.0,1232.0,264.0,167.3,False,False,"303,43",1242.0,258.0,0
tar_m03ad,m03ad,Taris - Lower City Apartments,tar_m03ad.png,2404,1230,4,28,84,1760,1024,"18,18 2385,18 18,1211 2385,1211",1,26,SW_MAPNOTE001,40496,To Lower City,"225,203",112.654869,83.6644135,930.0,898.0,960.0,868.0,75.1,False,False,,,,0
tar_m03ad,m03ad,Taris - Lower City Apartments,tar_m03ad.png,2404,1230,4,28,84,1760,1024,"18,18 2385,18 18,1211 2385,1211",2,27,SW_MAPNOTE001,40632,Matrik's Apartment,"299,190",136.946518,88.3725815,1226.0,846.0,1256.0,816.0,75.1,False,False,"306,197",1254.0,874.0,0
tar_m03ae,m03ae,Taris - Javyar's Cantina,tar_m03ae.png,2404,1230,4,28,84,1760,1024,"18,18 2385,18 18,1211 2385,1211",1,11,SW_MAPNOTE001,40496,To Lower City,"298,116",139.235199,109.629356,1222.0,550.0,1252.0,520.0,127.4,False,False,"305,114",1250.0,542.0,0
tar_m03ae,m03ae,Taris - Javyar's Cantina,tar_m03ae.png,2404,1230,4,28,84,1760,1024,"18,18 2385,18 18,1211 2385,1211",2,12,SW_MAPNOTE001,40752,Bounty Office,"198,195",109.819344,85.5862808,822.0,866.0,852.0,836.0,127.4,False,False,,,,0
tar_m03af,m03af,Taris - Swoop Platform,tar_m03af.png,2404,1230,4,28,84,1760,1024,"18,18 2385,18 18,1211 2385,1211",1,15,SW_MAPNOTE001,40766,Race Announcer,"210,120",223.587234,219.750931,870.0,566.0,900.0,536.0,999.0,False,False,,,,0
tar_m04aa,m04aa,Taris - Undercity,tar_m04aa.png,2404,1230,4,28,84,1760,1024,"18,18 2385,18 18,1211 2385,1211",1,54,SW_MAPNOTE001,40496,To Lower City,"156,143",183.915421,166.90509,654.0,658.0,684.0,628.0,34.8,False,False,"156,146",654.0,670.0,0
tar_m04aa,m04aa,Taris - Undercity,tar_m04aa.png,2404,1230,4,28,84,1760,1024,"18,18 2385,18 18,1211 2385,1211",2,55,SW_MAPNOTE001,40802,Village Gate,"232,104",249.852112,202.24794,958.0,502.0,988.0,472.0,32.5,False,False,,,,0
tar_m04aa,m04aa,Taris - Undercity,tar_m04aa.png,2404,1230,4,28,84,1760,1024,"18,18 2385,18 18,1211 2385,1211",3,56,SW_MAPNOTE001,40803,Escape Pod,"315,54",322.350006,248.818817,1290.0,302.0,1320.0,272.0,95.5,False,False,,,,0
tar_m04aa,m04aa,Taris - Undercity,tar_m04aa.png,2404,1230,4,28,84,1760,1024,"18,18 2385,18 18,1211 2385,1211",4,57,SW_MAPNOTE001,40804,To Sewers,"220,44",239.248428,257.83194,910.0,262.0,940.0,232.0,61.2,False,False,,,,0
tar_m04aa,m04aa,Taris - Undercity,tar_m04aa.png,2404,1230,4,28,84,1760,1024,"18,18 2385,18 18,1211 2385,1211",5,58,SW_MAPNOTE001,40804,To Sewers,"273,198",285.869446,115.893875,1122.0,878.0,1152.0,848.0,91.0,False,False,"276,198",1134.0,878.0,0
tar_m04aa,m04aa,Taris - Undercity,tar_m04aa.png,2404,1230,4,28,84,1760,1024,"18,18 2385,18 18,1211 2385,1211",6,83,SW_MAPNOTE001,46018,Rukil's Tent,"183,165",207.014359,146.419846,762.0,746.0,820.0,688.0,10.2,True,False,,,,0
tar_m04aa,m04aa,Taris - Undercity,tar_m04aa.png,2404,1230,4,28,84,1760,1024,"18,18 2385,18 18,1211 2385,1211",7,84,SW_MAPNOTE001,46019,Gendar's Tent,"185,175",208.831604,137.504059,770.0,786.0,828.0,728.0,10.2,True,False,,,,0
tar_m04aa,m04aa,Taris - Undercity,tar_m04aa.png,2404,1230,4,28,84,1760,1024,"18,18 2385,18 18,1211 2385,1211",8,85,SW_MAPNOTE001,46020,Igear's Bazaar,"209,127",229.533295,181.227127,866.0,594.0,896.0,564.0,32.5,False,False,,,,0
tar_m05aa,m05aa,Taris - Lower Sewers,tar_m05aa.png,2404,1230,4,28,84,1760,1024,"18,18 2385,18 18,1211 2385,1211",1,11,SW_MAPNOTE001,40812,Gamorrean Compound,"192,124",240.924316,176.372757,798.0,582.0,828.0,552.0,69.1,False,False,"178,123",742.0,578.0,2
tar_m05aa,m05aa,Taris - Lower Sewers,tar_m05aa.png,2404,1230,4,28,84,1760,1024,"18,18 2385,18 18,1211 2385,1211",2,12,SW_MAPNOTE001,40813,Force Field,"248,74",280.09256,131.975891,1022.0,382.0,1052.0,352.0,48.8,False,False,,,,2
tar_m05aa,m05aa,Taris - Lower Sewers,tar_m05aa.png,2404,1230,4,28,84,1760,1024,"18,18 2385,18 18,1211 2385,1211",3,25,mn_undercity,40573,To Undercity,"180,56",294.260742,185.556183,750.0,310.0,780.0,280.0,69.1,False,False,,,,2
tar_m05aa,m05aa,Taris - Lower Sewers,tar_m05aa.png,2404,1230,4,28,84,1760,1024,"18,18 2385,18 18,1211 2385,1211",4,26,mn_undercity,40573,To Undercity,"295,61",290.610748,94.4834747,1210.0,330.0,1240.0,300.0,48.8,False,False,,,,2
tar_m05ab,m05ab,Taris - Upper Sewers,tar_m05ab.png,2404,1230,4,28,84,1760,1024,"18,18 2385,18 18,1211 2385,1211",1,18,SW_MAPNOTE001,40815,To Lower Sewers,"59,104",70.241745,369.631836,266.0,502.0,296.0,472.0,351.2,False,False,,,,0
tar_m05ab,m05ab,Taris - Upper Sewers,tar_m05ab.png,2404,1230,4,28,84,1760,1024,"18,18 2385,18 18,1211 2385,1211",2,19,SW_MAPNOTE001,40570,To Black Vulkar Base,"399,192",286.499176,310.181519,1626.0,854.0,1656.0,824.0,351.2,False,False,"396,189",1614.0,842.0,0
tar_m08aa,m08aa,Taris - Davik's Estate,tar_m08aa.png,2404,1230,4,28,84,1760,1024,"18,18 2385,18 18,1211 2385,1211",1,38,mapnote,40819,Throne Room,"183,91",59.2951279,104.268814,762.0,450.0,792.0,420.0,48.4,False,False,,,,0
tar_m08aa,m08aa,Taris - Davik's Estate,tar_m08aa.png,2404,1230,4,28,84,1760,1024,"18,18 2385,18 18,1211 2385,1211",2,39,SW_MAPNOTE001,40820,Hangar,"188,187",61.8437309,48.6116104,782.0,834.0,812.0,804.0,89.1,False,False,"184,187",766.0,834.0,0
tar_m08aa,m08aa,Taris - Davik's Estate,tar_m08aa.png,2404,1230,4,28,84,1760,1024,"18,18 2385,18 18,1211 2385,1211",3,56,tar08_mnbarracks1,40879,Barracks,"127,122",28.4862804,86.3744736,538.0,574.0,568.0,544.0,37.2,False,False,,,,0
tar_m08aa,m08aa,Taris - Davik's Estate,tar_m08aa.png,2404,1230,4,28,84,1760,1024,"18,18 2385,18 18,1211 2385,1211",4,57,tar08_mnbarracks2,40879,Barracks,"124,63",26.559576,121.119431,526.0,338.0,556.0,308.0,31.4,False,False,,,,0
tar_m08aa,m08aa,Taris - Davik's Estate,tar_m08aa.png,2404,1230,4,28,84,1760,1024,"18,18 2385,18 18,1211 2385,1211",5,58,tar08_mnbarracks3,40879,Barracks,"198,45",67.3983383,131.272278,822.0,266.0,852.0,236.0,35.5,False,False,"203,45",842.0,266.0,0
tar_m08aa,m08aa,Taris - Davik's Estate,tar_m08aa.png,2404,1230,4,28,84,1760,1024,"18,18 2385,18 18,1211 2385,1211",6,59,tar08_mnbarracks4,40879,Barracks,"233,39",86.3115158,135.10762,962.0,242.0,992.0,212.0,35.5,False,False,"226,40",934.0,246.0,0
tar_m08aa,m08aa,Taris - Davik's Estate,tar_m08aa.png,2404,1230,4,28,84,1760,1024,"18,18 2385,18 18,1211 2385,1211",7,60,tar08_mnlab,46151,Spice Lab,"108,90",17.7252922,105.313896,462.0,446.0,492.0,416.0,31.4,False,False,"116,85",494.0,426.0,0
tar_m08aa,m08aa,Taris - Davik's Estate,tar_m08aa.png,2404,1230,4,28,84,1760,1024,"18,18 2385,18 18,1211 2385,1211",8,62,tar08_mntorture,46152,"""Guest"" Room","164,21",48.4049416,145.691833,686.0,170.0,716.0,140.0,41.6,False,False,,,,0
tar_m09aa,m09aa,Taris - Sith Base,tar_m09aa.png,2404,1230,4,28,84,1760,1024,"18,18 2385,18 18,1211 2385,1211",1,11,SW_MAPNOTE001,40480,To Upper City,"248,229",0.72833854,-21.0761528,1022.0,1002.0,1052.0,972.0,27.0,False,False,,,,0
tar_m09aa,m09aa,Taris - Sith Base,tar_m09aa.png,2404,1230,4,28,84,1760,1024,"18,18 2385,18 18,1211 2385,1211",2,12,tar09_mncontrol,46381,Control Center,"81,107",-50.2502937,17.6087017,354.0,514.0,384.0,484.0,86.8,False,False,,,,0
tar_m09aa,m09aa,Taris - Sith Base,tar_m09aa.png,2404,1230,4,28,84,1760,1024,"18,18 2385,18 18,1211 2385,1211",3,15,tar09_mnbarracks1,40879,Barracks,"165,129",-24.5931721,10.7817345,690.0,602.0,720.0,572.0,52.2,False,False,"165,132",690.0,614.0,0
tar_m09aa,m09aa,Taris - Sith Base,tar_m09aa.png,2404,1230,4,28,84,1760,1024,"18,18 2385,18 18,1211 2385,1211",4,16,tar09_mnarmory,40113,Armory,"135,200",-33.848671,-11.6788454,570.0,886.0,600.0,856.0,77.1,False,False,,,,0
tar_m09aa,m09aa,Taris - Sith Base,tar_m09aa.png,2404,1230,4,28,84,1760,1024,"18,18 2385,18 18,1211 2385,1211",5,17,tar09_mnreception,46382,Reception,"248,202",0.770914495,-12.5697727,1022.0,894.0,1052.0,864.0,27.0,False,False,,,,0
tar_m09aa,m09aa,Taris - Sith Base,tar_m09aa.png,2404,1230,4,28,84,1760,1024,"18,18 2385,18 18,1211 2385,1211",6,18,tar09_mnmedical,44175,Medical,"217,133",-8.90003014,9.40483189,898.0,618.0,928.0,588.0,52.2,False,False,,,,0
tar_m09aa,m09aa,Taris - Sith Base,tar_m09aa.png,2404,1230,4,28,84,1760,1024,"18,18 2385,18 18,1211 2385,1211",7,19,tar09_mnbarracks2,40879,Barracks,"334,127",26.8607311,11.3224468,1366.0,594.0,1396.0,564.0,69.8,False,False,,,,0
tar_m09aa,m09aa,Taris - Sith Base,tar_m09aa.png,2404,1230,4,28,84,1760,1024,"18,18 2385,18 18,1211 2385,1211",8,20,tar09_mnelevator,40105,Elevator,"366,189",36.6801109,-8.24771118,1494.0,842.0,1524.0,812.0,69.8,False,False,"370,200",1510.0,886.0,0
tar_m09ab,m09ab,Taris - Sith Base,tar_m09ab.png,2404,1230,4,28,84,1760,1024,"18,18 2385,18 18,1211 2385,1211",1,0,SW_MAPNOTE001,40497,To Sith Base,"200,202",66.5625763,-10.7532301,830.0,894.0,860.0,864.0,999.0,False,False,,,,0
tar_m10aa,m10aa,Taris - Black Vulkar Base,tar_m10aa.png,2404,1230,4,28,84,1760,1024,"18,18 2385,18 18,1211 2385,1211",1,30,SW_MAPNOTE001,40804,To Sewers,"334,21",196.094955,142.45755,1366.0,170.0,1396.0,140.0,96.7,False,False,,,,0
tar_m10aa,m10aa,Taris - Black Vulkar Base,tar_m10aa.png,2404,1230,4,28,84,1760,1024,"18,18 2385,18 18,1211 2385,1211",2,31,SW_MAPNOTE001,40496,To Lower City,"228,189",153.355438,69.2899323,942.0,842.0,972.0,812.0,47.0,False,False,"227,212",938.0,934.0,0
tar_m10aa,m10aa,Taris - Black Vulkar Base,tar_m10aa.png,2404,1230,4,28,84,1760,1024,"18,18 2385,18 18,1211 2385,1211",3,32,SW_MAPNOTE001,40877,To Garage,"189,30",137.743637,138.355179,786.0,206.0,816.0,176.0,21.0,False,False,,,,0
tar_m10aa,m10aa,Taris - Black Vulkar Base,tar_m10aa.png,2404,1230,4,28,84,1760,1024,"18,18 2385,18 18,1211 2385,1211",4,33,SW_MAPNOTE001,40878,Garage Security,"239,39",157.823029,134.673523,986.0,242.0,1016.0,212.0,31.0,False,False,,,,0
tar_m10aa,m10aa,Taris - Black Vulkar Base,tar_m10aa.png,2404,1230,4,28,84,1760,1024,"18,18 2385,18 18,1211 2385,1211",5,39,tar10_mnarmory,40113,Armory,"227,142",153.173096,89.8668289,938.0,654.0,968.0,624.0,47.0,False,False,,,,0
tar_m10aa,m10aa,Taris - Black Vulkar Base,tar_m10aa.png,2404,1230,4,28,84,1760,1024,"18,18 2385,18 18,1211 2385,1211",6,40,tar10_mnbarracks,40879,Barracks,"108,132",105.176666,94.155365,462.0,614.0,492.0,584.0,67.4,False,False,"114,130",486.0,606.0,0
tar_m10aa,m10aa,Taris - Black Vulkar Base,tar_m10aa.png,2404,1230,4,28,84,1760,1024,"18,18 2385,18 18,1211 2385,1211",7,41,tar10_mnpool,46432,Pool,"102,52",102.745613,128.889435,438.0,294.0,468.0,264.0,80.2,False,False,,,,0
tar_m10aa,m10aa,Taris - Black Vulkar Base,tar_m10aa.png,2404,1230,4,28,84,1760,1024,"18,18 2385,18 18,1211 2385,1211",8,42,tar10_mnrecroom,46433,Rec Room,"307,119",185.312317,99.6607361,1258.0,562.0,1288.0,532.0,83.2,False,False,"308,114",1262.0,542.0,0
tar_m10aa,m10aa,Taris - Black Vulkar Base,tar_m10aa.png,2404,1230,4,28,84,1760,1024,"18,18 2385,18 18,1211 2385,1211",9,43,tar10_mncontrol,46434,Control Room,"172,153",130.869843,84.7912445,718.0,698.0,748.0,668.0,56.1,False,False,,,,0
tar_m10aa,m10aa,Taris - Black Vulkar Base,tar_m10aa.png,2404,1230,4,28,84,1760,1024,"18,18 2385,18 18,1211 2385,1211",10,44,tar10_mnelevator,46435,Garage Elevator,"208,39",145.117722,134.68956,862.0,242.0,892.0,212.0,21.0,False,False,,,,0
tar_m10ac,m10ac,Taris - Black Vulkar Base,tar_m10ac.png,2404,1230,4,28,84,1760,1024,"18,18 2385,18 18,1211 2385,1211",1,24,SW_MAPNOTE001,40895,To Main Base,"185,63",65.4460907,94.5281982,770.0,338.0,800.0,308.0,59.1,False,False,,,,0
tar_m10ac,m10ac,Taris - Black Vulkar Base,tar_m10ac.png,2404,1230,4,28,84,1760,1024,"18,18 2385,18 18,1211 2385,1211",2,43,tar10_mngarage,46479,Garage,"239,97",82.5689011,83.1506653,986.0,474.0,1016.0,444.0,63.8,False,False,,,,0
tar_m10ac,m10ac,Taris - Black Vulkar Base,tar_m10ac.png,2404,1230,4,28,84,1760,1024,"18,18 2385,18 18,1211 2385,1211",3,44,tar10_mnloading,46480,Loading Bay,"328,103",111.2127,81.1775665,1342.0,498.0,1372.0,468.0,69.9,False,False,,,,0
tar_m10ac,m10ac,Taris - Black Vulkar Base,tar_m10ac.png,2404,1230,4,28,84,1760,1024,"18,18 2385,18 18,1211 2385,1211",4,45,tar10_mnlab,46481,Engine Lab,"312,171",105.978546,58.3974533,1278.0,770.0,1308.0,740.0,69.9,False,False,,,,0
tar_m10ac,m10ac,Taris - Black Vulkar Base,tar_m10ac.png,2404,1230,4,28,84,1760,1024,"18,18 2385,18 18,1211 2385,1211",5,46,tar10_mnoffice,46482,Office,"133,35",48.9802971,103.974564,562.0,226.0,592.0,196.0,59.1,False,False,,,,0
tar_m11aa,m11aa,Taris - Hidden Bek Base,tar_m11aa.png,2404,1230,4,28,84,1760,1024,"18,18 2385,18 18,1211 2385,1211",1,23,SW_MAPNOTE001,40496,To Lower City,"212,220",70.7620392,29.5888233,878.0,966.0,908.0,936.0,81.0,False,False,"211,227",874.0,994.0,0
tar_m11aa,m11aa,Taris - Hidden Bek Base,tar_m11aa.png,2404,1230,4,28,84,1760,1024,"18,18 2385,18 18,1211 2385,1211",2,26,tar11_mnhall,46552,Main Hall,"213,139",71.033905,64.0273666,882.0,642.0,912.0,612.0,81.0,False,False,,,,0
tar_m11aa,m11aa,Taris - Hidden Bek Base,tar_m11aa.png,2404,1230,4,28,84,1760,1024,"18,18 2385,18 18,1211 2385,1211",3,27,tar11_mnbar,46553,Bar,"117,105",31.5603943,78.6446762,498.0,506.0,528.0,476.0,65.0,False,False,"114,105",486.0,506.0,0
tar_m11aa,m11aa,Taris - Hidden Bek Base,tar_m11aa.png,2404,1230,4,28,84,1760,1024,"18,18 2385,18 18,1211 2385,1211",4,28,tar11_mnbarracks,40879,Barracks,"156,53",47.7875595,100.375046,654.0,298.0,684.0,268.0,55.6,False,False,,,,0
tar_m11aa,m11aa,Taris - Hidden Bek Base,tar_m11aa.png,2404,1230,4,28,84,1760,1024,"18,18 2385,18 18,1211 2385,1211",5,29,tar11_mnelevator,40105,Elevator,"211,45",70.4219208,103.84761,874.0,266.0,904.0,236.0,55.6,False,False,"211,57",874.0,314.0,0
tar_m11ab,m11ab,Taris - Hidden Bek Base,tar_m11ab.png,2404,1230,4,28,84,1760,1024,"18,18 2385,18 18,1211 2385,1211",1,1,SW_MAPNOTE001,40895,To Main Base,"215,86",23.1023998,28.9896584,890.0,430.0,920.0,400.0,999.0,False,False,"215,76",890.0,390.0,0
tat_m17aa,m17aa,Tatooine - Anchorhead,tat_m17aa.png,2404,1230,4,28,84,1760,1024,"18,18 2385,18 18,1211 2385,1211",1,41,SW_MAPNOTE001,41005,Spaceport,"106,50",94.165062,146.870941,454.0,286.0,484.0,256.0,57.3,False,False,"99,48",426.0,278.0,0
tat_m17aa,m17aa,Tatooine - Anchorhead,tat_m17aa.png,2404,1230,4,28,84,1760,1024,"18,18 2385,18 18,1211 2385,1211",2,42,SW_MAPNOTE001,41006,Hunting Lodge,"156,78",124.882301,128.988541,654.0,398.0,684.0,368.0,35.4,False,False,,,,0
tat_m17aa,m17aa,Tatooine - Anchorhead,tat_m17aa.png,2404,1230,4,28,84,1760,1024,"18,18 2385,18 18,1211 2385,1211",3,43,SW_MAPNOTE001,41007,Czerka Office,"166,112",131.155991,106.948196,694.0,534.0,724.0,504.0,35.4,False,False,"163,116",682.0,550.0,0
tat_m17aa,m17aa,Tatooine - Anchorhead,tat_m17aa.png,2404,1230,4,28,84,1760,1024,"18,18 2385,18 18,1211 2385,1211",4,44,SW_MAPNOTE001,41008,Swoop Registration,"184,176",142.231476,66.739563,766.0,790.0,796.0,760.0,66.5,False,False,"183,179",762.0,802.0,0
tat_m17aa,m17aa,Tatooine - Anchorhead,tat_m17aa.png,2404,1230,4,28,84,1760,1024,"18,18 2385,18 18,1211 2385,1211",5,45,SW_MAPNOTE001,34552,Cantina,"294,176",209.669022,66.31884,1206.0,790.0,1236.0,760.0,110.0,False,False,"302,167",1238.0,754.0,0
tat_m17aa,m17aa,Tatooine - Anchorhead,tat_m17aa.png,2404,1230,4,28,84,1760,1024,"18,18 2385,18 18,1211 2385,1211",6,46,SW_MAPNOTE001,33406,Droid Shop,"323,58",226.988785,141.562531,1322.0,318.0,1352.0,288.0,72.1,False,False,"326,54",1334.0,302.0,0
tat_m17aa,m17aa,Tatooine - Anchorhead,tat_m17aa.png,2404,1230,4,28,84,1760,1024,"18,18 2385,18 18,1211 2385,1211",7,47,SW_MAPNOTE001,41009,To the Dune Sea,"386,93",265.40155,119.211624,1574.0,458.0,1604.0,428.0,72.1,False,False,,,,0
tat_m17ab,m17ab,Tatooine - Docking Bay,tat_m17ab.png,2404,1230,4,28,84,1760,1024,"18,18 2385,18 18,1211 2385,1211",1,15,SW_MAPNOTE001,33404,Ebon Hawk,"201,129",-3.07367015,-11.082098,834.0,602.0,864.0,572.0,115.8,False,False,"195,127",810.0,594.0,0
tat_m17ab,m17ab,Tatooine - Docking Bay,tat_m17ab.png,2404,1230,4,28,84,1760,1024,"18,18 2385,18 18,1211 2385,1211",2,16,SW_MAPNOTE001,33461,Exit,"240,238",7.46804047,-42.7853317,990.0,1038.0,1020.0,1008.0,115.8,False,False,"245,249",1010.0,1082.0,0
tat_m17ac,m17ac,Tatooine - Droid Shop,tat_m17ac.png,2404,1230,4,28,84,1760,1024,"18,18 2385,18 18,1211 2385,1211",1,1,SW_MAPNOTE001,33461,Exit,"279,85",6.87674046,4.33342123,1146.0,426.0,1176.0,396.0,999.0,False,False,"284,92",1166.0,454.0,0
tat_m17ad,m17ad,Tatooine - Hunting Lodge,tat_m17ad.png,2404,1230,4,28,84,1760,1024,"18,18 2385,18 18,1211 2385,1211",1,2,SW_MAPNOTE001,33461,Exit,"275,84",6.53828621,4.5365591,1130.0,422.0,1160.0,392.0,999.0,False,False,"292,93",1198.0,458.0,0
tat_m17ae,m17ae,Tatooine - Swoop Registration,tat_m17ae.png,2404,1230,4,28,84,1760,1024,"18,18 2385,18 18,1211 2385,1211",1,2,SW_MAPNOTE001,33461,Exit,"305,74",6.39369583,4.75713778,1250.0,382.0,1280.0,352.0,999.0,False,False,"316,92",1294.0,454.0,0
tat_m17af,m17af,Tatooine - Cantina,tat_m17af.png,2404,1230,4,28,84,1760,1024,"18,18 2385,18 18,1211 2385,1211",1,3,SW_MAPNOTE001,33461,Exit,"272,77",5.9835887,4.71984196,1118.0,394.0,1148.0,364.0,999.0,False,False,"289,88",1186.0,438.0,0
tat_m17ag,m17ae,Tatooine - Czerka Office,tat_m17ag.png,2404,1230,4,28,84,1760,1024,"18,18 2385,18 18,1211 2385,1211",1,3,SW_MAPNOTE001,33461,Exit,"305,74",6.44573498,4.76297569,1250.0,382.0,1280.0,352.0,999.0,False,False,"316,92",1294.0,454.0,0
tat_m18aa,m18aa,Tatooine - Dune Sea,tat_m18aa.png,2404,1230,4,28,84,1760,1024,"18,18 2385,18 18,1211 2385,1211",1,61,SW_MAPNOTE001,41147,To Anchorhead,"111,29",37.0912857,368.323547,474.0,202.0,504.0,172.0,153.3,False,False,"116,37",494.0,234.0,0
tat_m18aa,m18aa,Tatooine - Dune Sea,tat_m18aa.png,2404,1230,4,28,84,1760,1024,"18,18 2385,18 18,1211 2385,1211",2,62,SW_MAPNOTE001,41148,Sandcrawler,"210,146",195.438049,173.310593,870.0,670.0,900.0,640.0,57.6,False,False,,,,0
tat_m18aa,m18aa,Tatooine - Dune Sea,tat_m18aa.png,2404,1230,4,28,84,1760,1024,"18,18 2385,18 18,1211 2385,1211",3,63,SW_MAPNOTE001,41149,Accident Site,"264,166",281.361542,140.511139,1086.0,750.0,1116.0,720.0,37.2,False,False,,,,0
tat_m18aa,m18aa,Tatooine - Dune Sea,tat_m18aa.png,2404,1230,4,28,84,1760,1024,"18,18 2385,18 18,1211 2385,1211",4,64,SW_MAPNOTE001,41150,To the Sand People Territory,"260,213",275.592407,63.4273758,1070.0,938.0,1100.0,908.0,47.2,False,False,,,,0
tat_m18aa,m18aa,Tatooine - Dune Sea,tat_m18aa.png,2404,1230,4,28,84,1760,1024,"18,18 2385,18 18,1211 2385,1211",5,65,SW_MAPNOTE001,41151,To the Eastern Dune Sea,"301,162",341.576904,146.577774,1234.0,734.0,1264.0,704.0,37.2,False,False,"296,161",1214.0,730.0,0
tat_m18ab,m18ab,Tatooine - Sand People Territory,tat_m18ab.png,2404,1230,4,28,84,1760,1024,"18,18 2385,18 18,1211 2385,1211",1,49,SW_MAPNOTE001,41009,To the Dune Sea,"163,43",116.061768,300.073334,682.0,258.0,712.0,228.0,131.7,False,False,"165,40",690.0,246.0,0
tat_m18ab,m18ab,Tatooine - Sand People Territory,tat_m18ab.png,2404,1230,4,28,84,1760,1024,"18,18 2385,18 18,1211 2385,1211",2,50,SW_MAPNOTE001,41151,To the Eastern Dune Sea,"294,29",311.330688,321.569153,1206.0,202.0,1236.0,172.0,131.7,False,False,"301,28",1234.0,198.0,0
tat_m18ab,m18ab,Tatooine - Sand People Territory,tat_m18ab.png,2404,1230,4,28,84,1760,1024,"18,18 2385,18 18,1211 2385,1211",3,51,SW_MAPNOTE001,41155,Sand People Enclave,"190,224",156.112259,22.8297958,790.0,982.0,820.0,952.0,183.0,False,False,"192,218",798.0,958.0,0
tat_m18ac,m18ac,Tatooine - Eastern Dune Sea,tat_m18ac.png,2404,1230,4,28,84,1760,1024,"18,18 2385,18 18,1211 2385,1211",1,0,tat18_wp_starmap,40066,Star Map,"431,-31",378.091309,341.106689,1754.0,92.0,1724.0,122.0,82.7,False,True,,,,0
tat_m18ac,m18ac,Tatooine - Eastern Dune Sea,tat_m18ac.png,2404,1230,4,28,84,1760,1024,"18,18 2385,18 18,1211 2385,1211",2,81,SW_MAPNOTE001,41150,To the Sand People Territory,"141,192",118.370651,125.18866,594.0,854.0,624.0,824.0,120.6,False,False,,,,0
tat_m18ac,m18ac,Tatooine - Eastern Dune Sea,tat_m18ac.png,2404,1230,4,28,84,1760,1024,"18,18 2385,18 18,1211 2385,1211",3,82,SW_MAPNOTE001,41009,To the Dune Sea,"108,76",88.7314606,236.914398,462.0,390.0,492.0,360.0,120.6,False,False,,,,0
tat_m18ac,m18ac,Tatooine - Eastern Dune Sea,tat_m18ac.png,2404,1230,4,28,84,1760,1024,"18,18 2385,18 18,1211 2385,1211",4,83,SW_MAPNOTE001,41239,Krayt Dragon Cave,"361,13",315.470825,297.761292,1474.0,138.0,1504.0,108.0,82.7,False,False,,,,0
tat_m20aa,m20aa,Tatooine - Sand People Enclave,tat_m20aa.png,2404,1230,4,28,84,1760,1024,"18,18 2385,18 18,1211 2385,1211",1,15,SW_MAPNOTE001,33461,Exit,"68,126",-28.2585697,66.4471741,302.0,590.0,332.0,560.0,193.4,False,False,,,,0
tat_m20aa,m20aa,Tatooine - Sand People Enclave,tat_m20aa.png,2404,1230,4,28,84,1760,1024,"18,18 2385,18 18,1211 2385,1211",2,16,SW_MAPNOTE001,41258,Chieftain's Room,"261,138",13.0405283,63.85952,1074.0,638.0,1104.0,608.0,98.9,False,False,,,,0
tat_m20aa,m20aa,Tatooine - Sand People Enclave,tat_m20aa.png,2404,1230,4,28,84,1760,1024,"18,18 2385,18 18,1211 2385,1211",3,17,SW_MAPNOTE001,41259,Captives,"359,125",34.2325783,66.6014633,1466.0,586.0,1496.0,556.0,98.9,False,False,,,,0
unk_m41aa,m41aa,Unknown World - Central Beach,unk_m41aa.png,2404,1230,4,28,84,1760,1024,"18,18 2385,18 18,1211 2385,1211",1,21,ebonhawk,33404,Ebon Hawk,"244,147",86.2189789,140.527634,1006.0,674.0,1036.0,644.0,91.4,False,False,"252,143",1038.0,658.0,0
unk_m41aa,m41aa,Unknown World - Central Beach,unk_m41aa.png,2404,1230,4,28,84,1760,1024,"18,18 2385,18 18,1211 2385,1211",2,22,northbeach,41306,To North Beach,"316,37",146.701294,239.603958,1294.0,234.0,1324.0,204.0,127.3,False,False,,,,0
unk_m41aa,m41aa,Unknown World - Central Beach,unk_m41aa.png,2404,1230,4,28,84,1760,1024,"18,18 2385,18 18,1211 2385,1211",3,23,temple,41326,To Temple,"334,163",161.52832,126.160637,1366.0,738.0,1396.0,708.0,91.4,False,False,"343,155",1402.0,706.0,0
unk_m41ab,m41ab,Unknown World - South Beach,unk_m41ab.png,2404,1230,4,28,84,1760,1024,"18,18 2385,18 18,1211 2385,1211",1,2,centralbeach,41337,To Central Beach,"321,131",186.38208,136.539368,1314.0,610.0,1344.0,580.0,201.6,False,False,"320,128",1310.0,598.0,0
unk_m41ab,m41ab,Unknown World - South Beach,unk_m41ab.png,2404,1230,4,28,84,1760,1024,"18,18 2385,18 18,1211 2385,1211",2,3,redrakatan,46873,Red Settlement,"126,182",51.4008179,99.370636,534.0,814.0,564.0,784.0,201.6,False,False,,,,0
unk_m41ac,m41ac,Unknown World - North Beach,unk_m41ac.png,2404,1230,4,28,84,1760,1024,"18,18 2385,18 18,1211 2385,1211",1,18,centralbeach,41337,To Central Beach,"192,195",160.280045,96.2635803,798.0,866.0,828.0,836.0,126.5,False,False,,,,0
unk_m41ac,m41ac,Unknown World - North Beach,unk_m41ac.png,2404,1230,4,28,84,1760,1024,"18,18 2385,18 18,1211 2385,1211",2,19,blackrakata,41362,To Rakatan Settlement,"235,76",195.28006,198.238525,970.0,390.0,1000.0,360.0,126.5,False,False,"239,74",986.0,382.0,0
unk_m41ad,m41ad,Unknown World - Temple Exterior,unk_m41ad.png,2404,1230,4,28,84,1760,1024,"18,18 2385,18 18,1211 2385,1211",1,8,centralbeach,41337,To Central Beach,"141,98",162.591034,129.705475,594.0,478.0,624.0,448.0,95.3,False,False,"136,105",574.0,506.0,0
unk_m41ad,m41ad,Unknown World - Temple Exterior,unk_m41ad.png,2404,1230,4,28,84,1760,1024,"18,18 2385,18 18,1211 2385,1211",2,9,southbeach,41714,To South Beach,"182,184",191.940567,61.6318207,758.0,822.0,788.0,792.0,95.3,False,False,,,,0
unk_m41ad,m41ad,Unknown World - Temple Exterior,unk_m41ad.png,2404,1230,4,28,84,1760,1024,"18,18 2385,18 18,1211 2385,1211",3,10,temple,41715,Temple Entrance,"270,96",256.035645,131.157242,1110.0,470.0,1140.0,440.0,124.5,False,False,"281,95",1154.0,466.0,0
unk_m42aa,m42aa,Unknown World - Elder Settlement,unk_m42aa.png,2404,1230,4,28,84,1760,1024,"18,18 2385,18 18,1211 2385,1211",1,20,southbeach,41714,To South Beach,"223,16",52.6906281,28.0567398,922.0,150.0,952.0,120.0,203.0,False,False,"222,12",918.0,134.0,1
unk_m42aa,m42aa,Unknown World - Elder Settlement,unk_m42aa.png,2404,1230,4,28,84,1760,1024,"18,18 2385,18 18,1211 2385,1211",2,21,dataarchives,41733,Data Archives,"223,219",52.5478439,167.953781,922.0,962.0,952.0,932.0,203.0,False,False,"223,230",922.0,1006.0,1
unk_m43aa,m43aa,Unknown World - Rakatan Settlement,unk_m43aa.png,2404,1230,4,28,84,1760,1024,"18,18 2385,18 18,1211 2385,1211",1,22,theone,41756,Arena of the One,"76,62",33.5672607,136.646454,334.0,334.0,364.0,304.0,326.9,False,False,,,,0
unk_m43aa,m43aa,Unknown World - Rakatan Settlement,unk_m43aa.png,2404,1230,4,28,84,1760,1024,"18,18 2385,18 18,1211 2385,1211",2,23,northbeach,41306,To North Beach,"357,229",202.341721,25.4552078,1458.0,1002.0,1488.0,972.0,326.9,False,False,"356,235",1454.0,1026.0,0
unk_m44aa,m44aa,Unknown World - Temple Main Floor,unk_m44aa.png,2404,1230,4,28,84,1760,1024,"18,18 2385,18 18,1211 2385,1211",1,47,templeexit,41779,Temple Exit,"161,132",95.4297256,38.4017944,674.0,614.0,704.0,584.0,17.0,False,False,,,,3
unk_m44aa,m44aa,Unknown World - Temple Main Floor,unk_m44aa.png,2404,1230,4,28,84,1760,1024,"18,18 2385,18 18,1211 2385,1211",2,48,summit,41777,To Summit,"245,143",101.125916,77.7575455,1010.0,658.0,1040.0,628.0,32.3,False,False,,,,3
unk_m44aa,m44aa,Unknown World - Temple Main Floor,unk_m44aa.png,2404,1230,4,28,84,1760,1024,"18,18 2385,18 18,1211 2385,1211",3,49,catacomb,41770,To Catacombs,"220,121",89.7015991,65.9440384,910.0,570.0,940.0,540.0,33.3,False,False,"216,120",894.0,566.0,3
unk_m44aa,m44aa,Unknown World - Temple Main Floor,unk_m44aa.png,2404,1230,4,28,84,1760,1024,"18,18 2385,18 18,1211 2385,1211",4,50,prodroid,41772,Prototype Droid Command Terminal,"257,173",116.096855,82.9512558,1058.0,778.0,1116.0,720.0,8.5,True,False,,,,3
unk_m44aa,m44aa,Unknown World - Temple Main Floor,unk_m44aa.png,2404,1230,4,28,84,1760,1024,"18,18 2385,18 18,1211 2385,1211",5,51,seccomp1,41774,Security Computer,"193,212",135.891983,53.4361725,802.0,934.0,860.0,876.0,10.6,True,False,,,,3
unk_m44aa,m44aa,Unknown World - Temple Main Floor,unk_m44aa.png,2404,1230,4,28,84,1760,1024,"18,18 2385,18 18,1211 2385,1211",6,52,seccomp2,41774,Security Computer,"259,72",65.2909393,84.1167984,1066.0,374.0,1096.0,344.0,40.2,False,False,"260,62",1070.0,334.0,3
unk_m44aa,m44aa,Unknown World - Temple Main Floor,unk_m44aa.png,2404,1230,4,28,84,1760,1024,"18,18 2385,18 18,1211 2385,1211",7,54,sc,47830,South Security Computer,"186,204",131.936554,49.9671478,774.0,902.0,832.0,844.0,10.6,True,False,,,,3
unk_m44aa,m44aa,Unknown World - Temple Main Floor,unk_m44aa.png,2404,1230,4,28,84,1760,1024,"18,18 2385,18 18,1211 2385,1211",8,55,pt,47828,Prototype Droid Command Room,"263,179",118.990395,85.9845123,1082.0,802.0,1140.0,860.0,8.5,True,False,"260,201",1070.0,890.0,3
unk_m44aa,m44aa,Unknown World - Temple Main Floor,unk_m44aa.png,2404,1230,4,28,84,1760,1024,"18,18 2385,18 18,1211 2385,1211",9,56,ar,40113,Armory,"187,92",74.9971085,50.475174,778.0,454.0,808.0,424.0,40.0,False,False,,,,3
unk_m44aa,m44aa,Unknown World - Temple Main Floor,unk_m44aa.png,2404,1230,4,28,84,1760,1024,"18,18 2385,18 18,1211 2385,1211",10,57,nco,47824,North Corridor,"236,39",48.2803345,73.3781357,974.0,242.0,1004.0,212.0,40.2,False,False,,,,3
unk_m44aa,m44aa,Unknown World - Temple Main Floor,unk_m44aa.png,2404,1230,4,28,84,1760,1024,"18,18 2385,18 18,1211 2385,1211",11,58,sco,47831,South Corridor,"237,226",142.663895,73.7506104,978.0,990.0,1008.0,960.0,46.2,False,False,,,,3
unk_m44aa,m44aa,Unknown World - Temple Main Floor,unk_m44aa.png,2404,1230,4,28,84,1760,1024,"18,18 2385,18 18,1211 2385,1211",12,59,eg,47819,East Guard Post,"279,134",96.2237701,93.3220444,1146.0,622.0,1176.0,592.0,35.2,False,False,,,,3
unk_m44aa,m44aa,Unknown World - Temple Main Floor,unk_m44aa.png,2404,1230,4,28,84,1760,1024,"18,18 2385,18 18,1211 2385,1211",13,60,wg,47835,West Guard Post,"188,132",95.2526474,50.943737,782.0,614.0,840.0,556.0,10.0,True,False,,,,3
unk_m44aa,m44aa,Unknown World - Temple Main Floor,unk_m44aa.png,2404,1230,4,28,84,1760,1024,"18,18 2385,18 18,1211 2385,1211",14,73,MassiveDoor,41759,Massive Door,"178,133",95.7736053,46.080452,742.0,618.0,800.0,560.0,10.0,True,False,"175,132",730.0,614.0,3
unk_m44ab,m44ab,Unknown World - Temple Catacombs,unk_m44ab.png,2404,1230,4,28,84,1760,1024,"18,18 2385,18 18,1211 2385,1211",1,5,main,41800,To Main Level,"355,163",58.2729492,53.1442375,1450.0,738.0,1480.0,708.0,265.5,False,False,"360,161",1470.0,730.0,2
unk_m44ab,m44ab,Unknown World - Temple Catacombs,unk_m44ab.png,2404,1230,4,28,84,1760,1024,"18,18 2385,18 18,1211 2385,1211",2,6,comp,41796,Ancient Computer,"100,89",73.2504807,107.685417,430.0,442.0,460.0,412.0,265.5,False,False,,,,2
unk_m44ac,m44ac,Unknown World - Temple Summit,unk_m44ac.png,2404,1230,4,28,84,1760,1024,"18,18 2385,18 18,1211 2385,1211",1,10,main,41800,To Main Level,"377,87",58.1608238,54.1088104,1538.0,434.0,1568.0,404.0,206.4,False,False,,,,1
unk_m44ac,m44ac,Unknown World - Temple Summit,unk_m44ac.png,2404,1230,4,28,84,1760,1024,"18,18 2385,18 18,1211 2385,1211",2,11,comp,41796,Ancient Computer,"172,111",125.416153,62.076088,718.0,530.0,748.0,500.0,206.4,False,False,,,,1
